ano_mes,segmento,modalidade_credito,saldo,taxa_juros_aa,spread_pp
2011-03,Total,Total,1759678.0,27.35,17.65
2011-03,PF,Total,800794.0,36.42,26.06
2011-03,PF,Cheque especial,21204.0,145.33,
2011-03,PF,Crédito pessoal não consignado,67845.0,73.87,
2011-03,PF,Crédito pessoal consignado,142448.0,29.21,
2011-03,PF,Aquisição de veículos,149594.0,27.95,
2011-03,PF,Cartão de crédito rotativo,24356.0,267.99,
2011-03,PF,Cartão de crédito parcelado,7537.0,123.32,
2011-03,PF,Desconto de cheques,1396.0,54.08,
2011-03,PF,Crédito rural,66705.0,5.95,
2011-03,PF,Financiamento imobiliário,142455.0,10.68,
2011-03,PF,Microcrédito,2414.0,27.49,
2011-03,PJ,Total,958884.0,19.33,10.22
2011-03,PJ,Desconto de duplicatas e recebíveis,21891.0,35.76,
2011-03,PJ,Capital de giro,250962.0,23.39,
2011-03,PJ,Conta garantida,42855.0,38.81,
2011-03,PJ,Cheque especial,14542.0,167.39,
2011-03,PJ,Aquisição de veículos,14379.0,21.13,
2011-03,PJ,Vendor,5884.0,18.21,
2011-03,PJ,Compror,11254.0,17.21,
2011-03,PJ,Cartão de crédito rotativo,947.0,233.26,
2011-03,PJ,Cartão de crédito parcelado,73.0,94.66,
2011-03,PJ,Adiantamento sobre contratos de câmbio (ACC),32008.0,3.09,
2011-03,PJ,Financiamento a importações,4328.0,13.07,
2011-03,PJ,Financiamento a exportações,38323.0,13.51,
2011-03,PJ,Repasse externo,8253.0,17.69,
2011-03,PJ,Crédito rural,38654.0,8.61,
2011-03,PJ,Financiamento imobiliário,24861.0,11.94,
2011-03,PJ,Financiamento com recursos do BNDES,338959.0,9.51,
2011-04,Total,Total,1783487.0,27.94,18.22
2011-04,PF,Total,811662.0,37.03,26.66
2011-04,PF,Cheque especial,21579.0,148.21,
2011-04,PF,Crédito pessoal não consignado,69215.0,76.72,
2011-04,PF,Crédito pessoal consignado,144234.0,29.72,
2011-04,PF,Aquisição de veículos,152917.0,28.44,
2011-04,PF,Cartão de crédito rotativo,25202.0,277.13,
2011-04,PF,Cartão de crédito parcelado,7404.0,124.27,
2011-04,PF,Desconto de cheques,1419.0,54.89,
2011-04,PF,Crédito rural,67492.0,6.18,
2011-04,PF,Financiamento imobiliário,145661.0,10.03,
2011-04,PF,Microcrédito,2447.0,26.97,
2011-04,PJ,Total,971825.0,19.86,10.72
2011-04,PJ,Desconto de duplicatas e recebíveis,21805.0,35.97,
2011-04,PJ,Capital de giro,253123.0,23.85,
2011-04,PJ,Conta garantida,44423.0,39.07,
2011-04,PJ,Cheque especial,15017.0,173.35,
2011-04,PJ,Aquisição de veículos,14853.0,21.41,
2011-04,PJ,Vendor,5749.0,18.59,
2011-04,PJ,Compror,11081.0,18.7,
2011-04,PJ,Cartão de crédito rotativo,1029.0,232.87,
2011-04,PJ,Cartão de crédito parcelado,76.0,86.92,
2011-04,PJ,Adiantamento sobre contratos de câmbio (ACC),34243.0,2.85,
2011-04,PJ,Financiamento a importações,4361.0,11.53,
2011-04,PJ,Financiamento a exportações,40532.0,14.35,
2011-04,PJ,Repasse externo,8002.0,15.44,
2011-04,PJ,Crédito rural,39420.0,8.41,
2011-04,PJ,Financiamento imobiliário,25536.0,11.93,
2011-04,PJ,Financiamento com recursos do BNDES,339689.0,10.23,
2011-05,Total,Total,1812128.0,27.86,18.14
2011-05,PF,Total,825658.0,36.89,26.49
2011-05,PF,Cheque especial,22187.0,149.74,
2011-05,PF,Crédito pessoal não consignado,70433.0,77.27,
2011-05,PF,Crédito pessoal consignado,146036.0,29.71,
2011-05,PF,Aquisição de veículos,156296.0,28.33,
2011-05,PF,Cartão de crédito rotativo,24286.0,279.03,
2011-05,PF,Cartão de crédito parcelado,7775.0,118.04,
2011-05,PF,Desconto de cheques,1456.0,51.52,
2011-05,PF,Crédito rural,68225.0,6.3,
2011-05,PF,Financiamento imobiliário,150984.0,10.67,
2011-05,PF,Microcrédito,2465.0,29.23,
2011-05,PJ,Total,986470.0,19.84,10.72
2011-05,PJ,Desconto de duplicatas e recebíveis,21785.0,35.16,
2011-05,PJ,Capital de giro,257782.0,23.66,
2011-05,PJ,Conta garantida,43961.0,39.95,
2011-05,PJ,Cheque especial,14633.0,172.83,
2011-05,PJ,Aquisição de veículos,15324.0,21.14,
2011-05,PJ,Vendor,5491.0,19.31,
2011-05,PJ,Compror,11485.0,17.63,
2011-05,PJ,Cartão de crédito rotativo,1040.0,228.4,
2011-05,PJ,Cartão de crédito parcelado,82.0,85.92,
2011-05,PJ,Adiantamento sobre contratos de câmbio (ACC),37003.0,2.98,
2011-05,PJ,Financiamento a importações,4541.0,12.33,
2011-05,PJ,Financiamento a exportações,41246.0,13.7,
2011-05,PJ,Repasse externo,8093.0,18.15,
2011-05,PJ,Crédito rural,39917.0,8.35,
2011-05,PJ,Financiamento imobiliário,26307.0,12.35,
2011-05,PJ,Financiamento com recursos do BNDES,343568.0,10.48,
2011-06,Total,Total,1840157.0,27.62,17.95
2011-06,PF,Total,838136.0,36.57,26.3
2011-06,PF,Cheque especial,22484.0,150.71,
2011-06,PF,Crédito pessoal não consignado,72007.0,77.56,
2011-06,PF,Crédito pessoal consignado,148189.0,29.34,
2011-06,PF,Aquisição de veículos,159586.0,28.05,
2011-06,PF,Cartão de crédito rotativo,23960.0,276.09,
2011-06,PF,Cartão de crédito parcelado,7898.0,118.68,
2011-06,PF,Desconto de cheques,1526.0,51.79,
2011-06,PF,Crédito rural,68648.0,6.3,
2011-06,PF,Financiamento imobiliário,156575.0,10.2,
2011-06,PF,Microcrédito,2465.0,31.8,
2011-06,PJ,Total,1002021.0,19.63,10.5
2011-06,PJ,Desconto de duplicatas e recebíveis,22307.0,35.21,
2011-06,PJ,Capital de giro,262370.0,23.93,
2011-06,PJ,Conta garantida,45013.0,39.8,
2011-06,PJ,Cheque especial,14689.0,172.5,
2011-06,PJ,Aquisição de veículos,15939.0,20.82,
2011-06,PJ,Vendor,5301.0,18.9,
2011-06,PJ,Compror,12176.0,18.26,
2011-06,PJ,Cartão de crédito rotativo,1052.0,231.51,
2011-06,PJ,Cartão de crédito parcelado,86.0,108.01,
2011-06,PJ,Adiantamento sobre contratos de câmbio (ACC),36186.0,2.99,
2011-06,PJ,Financiamento a importações,4393.0,13.51,
2011-06,PJ,Financiamento a exportações,41463.0,13.24,
2011-06,PJ,Repasse externo,7972.0,14.6,
2011-06,PJ,Crédito rural,40800.0,8.15,
2011-06,PJ,Financiamento imobiliário,27504.0,11.85,
2011-06,PJ,Financiamento com recursos do BNDES,347643.0,10.07,
2011-07,Total,Total,1861598.0,27.81,17.94
2011-07,PF,Total,849018.0,36.89,26.34
2011-07,PF,Cheque especial,21550.0,151.52,
2011-07,PF,Crédito pessoal não consignado,72312.0,80.27,
2011-07,PF,Crédito pessoal consignado,150276.0,28.91,
2011-07,PF,Aquisição de veículos,162943.0,28.02,
2011-07,PF,Cartão de crédito rotativo,24035.0,276.65,
2011-07,PF,Cartão de crédito parcelado,8217.0,112.38,
2011-07,PF,Desconto de cheques,1517.0,55.09,
2011-07,PF,Crédito rural,67723.0,6.45,
2011-07,PF,Financiamento imobiliário,162388.0,10.89,
2011-07,PF,Microcrédito,2442.0,33.48,
2011-07,PJ,Total,1012580.0,19.64,10.39
2011-07,PJ,Desconto de duplicatas e recebíveis,22034.0,36.04,
2011-07,PJ,Capital de giro,263060.0,24.14,
2011-07,PJ,Conta garantida,45350.0,40.01,
2011-07,PJ,Cheque especial,14265.0,173.37,
2011-07,PJ,Aquisição de veículos,16521.0,21.04,
2011-07,PJ,Vendor,5195.0,19.05,
2011-07,PJ,Compror,12056.0,18.31,
2011-07,PJ,Cartão de crédito rotativo,1373.0,237.47,
2011-07,PJ,Cartão de crédito parcelado,90.0,110.96,
2011-07,PJ,Adiantamento sobre contratos de câmbio (ACC),37335.0,2.86,
2011-07,PJ,Financiamento a importações,4424.0,12.96,
2011-07,PJ,Financiamento a exportações,41817.0,14.43,
2011-07,PJ,Repasse externo,8169.0,17.79,
2011-07,PJ,Crédito rural,40962.0,7.64,
2011-07,PJ,Financiamento imobiliário,28149.0,12.49,
2011-07,PJ,Financiamento com recursos do BNDES,353571.0,9.61,
2011-08,Total,Total,1894713.0,27.23,17.75
2011-08,PF,Total,869039.0,36.12,26.05
2011-08,PF,Cheque especial,22468.0,151.25,
2011-08,PF,Crédito pessoal não consignado,73732.0,78.68,
2011-08,PF,Crédito pessoal consignado,153686.0,28.93,
2011-08,PF,Aquisição de veículos,166586.0,27.36,
2011-08,PF,Cartão de crédito rotativo,23842.0,284.54,
2011-08,PF,Cartão de crédito parcelado,8465.0,104.75,
2011-08,PF,Desconto de cheques,1499.0,54.95,
2011-08,PF,Crédito rural,69595.0,6.22,
2011-08,PF,Financiamento imobiliário,171792.0,10.8,
2011-08,PF,Microcrédito,2421.0,27.55,
2011-08,PJ,Total,1025674.0,19.2,10.25
2011-08,PJ,Desconto de duplicatas e recebíveis,21793.0,35.42,
2011-08,PJ,Capital de giro,268669.0,22.4,
2011-08,PJ,Conta garantida,44460.0,40.4,
2011-08,PJ,Cheque especial,14020.0,172.37,
2011-08,PJ,Aquisição de veículos,17219.0,20.7,
2011-08,PJ,Vendor,5201.0,18.6,
2011-08,PJ,Compror,12267.0,17.83,
2011-08,PJ,Cartão de crédito rotativo,1027.0,229.14,
2011-08,PJ,Cartão de crédito parcelado,90.0,102.44,
2011-08,PJ,Adiantamento sobre contratos de câmbio (ACC),38663.0,3.09,
2011-08,PJ,Financiamento a importações,4745.0,13.9,
2011-08,PJ,Financiamento a exportações,43226.0,13.68,
2011-08,PJ,Repasse externo,8445.0,15.06,
2011-08,PJ,Crédito rural,41264.0,8.26,
2011-08,PJ,Financiamento imobiliário,29019.0,11.78,
2011-08,PJ,Financiamento com recursos do BNDES,360392.0,10.33,
2011-09,Total,Total,1935781.0,27.2,18.21
2011-09,PF,Total,881931.0,36.23,26.75
2011-09,PF,Cheque especial,22628.0,151.3,
2011-09,PF,Crédito pessoal não consignado,75579.0,78.8,
2011-09,PF,Crédito pessoal consignado,156043.0,29.09,
2011-09,PF,Aquisição de veículos,169960.0,26.23,
2011-09,PF,Cartão de crédito rotativo,24648.0,307.67,
2011-09,PF,Cartão de crédito parcelado,8440.0,111.11,
2011-09,PF,Desconto de cheques,1512.0,53.08,
2011-09,PF,Crédito rural,71655.0,5.96,
2011-09,PF,Financiamento imobiliário,175537.0,10.29,
2011-09,PF,Microcrédito,2388.0,25.83,
2011-09,PJ,Total,1053850.0,19.13,10.57
2011-09,PJ,Desconto de duplicatas e recebíveis,22892.0,34.24,
2011-09,PJ,Capital de giro,274134.0,22.9,
2011-09,PJ,Conta garantida,44416.0,40.54,
2011-09,PJ,Cheque especial,14230.0,173.41,
2011-09,PJ,Aquisição de veículos,17864.0,20.17,
2011-09,PJ,Vendor,5465.0,16.92,
2011-09,PJ,Compror,12547.0,18.44,
2011-09,PJ,Cartão de crédito rotativo,1055.0,236.04,
2011-09,PJ,Cartão de crédito parcelado,91.0,76.33,
2011-09,PJ,Adiantamento sobre contratos de câmbio (ACC),40906.0,3.48,
2011-09,PJ,Financiamento a importações,5433.0,15.45,
2011-09,PJ,Financiamento a exportações,44562.0,14.54,
2011-09,PJ,Repasse externo,9605.0,18.55,
2011-09,PJ,Crédito rural,41967.0,8.22,
2011-09,PJ,Financiamento imobiliário,29752.0,10.62,
2011-09,PJ,Financiamento com recursos do BNDES,372461.0,10.16,
2011-10,Total,Total,1950658.0,27.45,18.68
2011-10,PF,Total,893987.0,36.9,27.67
2011-10,PF,Cheque especial,23487.0,151.67,
2011-10,PF,Crédito pessoal não consignado,76862.0,80.89,
2011-10,PF,Crédito pessoal consignado,157690.0,29.02,
2011-10,PF,Aquisição de veículos,171971.0,26.2,
2011-10,PF,Cartão de crédito rotativo,24936.0,312.14,
2011-10,PF,Cartão de crédito parcelado,8231.0,108.82,
2011-10,PF,Desconto de cheques,1541.0,52.58,
2011-10,PF,Crédito rural,73273.0,6.01,
2011-10,PF,Financiamento imobiliário,180111.0,10.25,
2011-10,PF,Microcrédito,2409.0,15.56,
2011-10,PJ,Total,1056671.0,18.91,10.56
2011-10,PJ,Desconto de duplicatas e recebíveis,23018.0,34.18,
2011-10,PJ,Capital de giro,276736.0,22.45,
2011-10,PJ,Conta garantida,45572.0,40.47,
2011-10,PJ,Cheque especial,14727.0,173.95,
2011-10,PJ,Aquisição de veículos,18283.0,20.35,
2011-10,PJ,Vendor,5848.0,16.9,
2011-10,PJ,Compror,12516.0,18.07,
2011-10,PJ,Cartão de crédito rotativo,1015.0,233.61,
2011-10,PJ,Cartão de crédito parcelado,91.0,102.12,
2011-10,PJ,Adiantamento sobre contratos de câmbio (ACC),40787.0,4.03,
2011-10,PJ,Financiamento a importações,5030.0,10.66,
2011-10,PJ,Financiamento a exportações,44045.0,14.38,
2011-10,PJ,Repasse externo,8941.0,12.7,
2011-10,PJ,Crédito rural,42223.0,8.88,
2011-10,PJ,Financiamento imobiliário,30565.0,11.56,
2011-10,PJ,Financiamento com recursos do BNDES,371518.0,9.93,
2011-11,Total,Total,1988613.0,26.66,18.1
2011-11,PF,Total,908586.0,35.79,26.82
2011-11,PF,Cheque especial,22977.0,152.46,
2011-11,PF,Crédito pessoal não consignado,78388.0,76.26,
2011-11,PF,Crédito pessoal consignado,159528.0,28.64,
2011-11,PF,Aquisição de veículos,174597.0,25.92,
2011-11,PF,Cartão de crédito rotativo,25474.0,303.32,
2011-11,PF,Cartão de crédito parcelado,8503.0,109.03,
2011-11,PF,Desconto de cheques,1557.0,51.22,
2011-11,PF,Crédito rural,74460.0,5.9,
2011-11,PF,Financiamento imobiliário,185538.0,10.04,
2011-11,PF,Microcrédito,2551.0,14.53,
2011-11,PJ,Total,1080026.0,18.43,10.25
2011-11,PJ,Desconto de duplicatas e recebíveis,23946.0,33.56,
2011-11,PJ,Capital de giro,282779.0,21.83,
2011-11,PJ,Conta garantida,45597.0,40.55,
2011-11,PJ,Cheque especial,14602.0,175.07,
2011-11,PJ,Aquisição de veículos,18900.0,19.18,
2011-11,PJ,Vendor,5995.0,16.95,
2011-11,PJ,Compror,12763.0,17.53,
2011-11,PJ,Cartão de crédito rotativo,1022.0,222.67,
2011-11,PJ,Cartão de crédito parcelado,93.0,111.61,
2011-11,PJ,Adiantamento sobre contratos de câmbio (ACC),40349.0,4.1,
2011-11,PJ,Financiamento a importações,5363.0,14.69,
2011-11,PJ,Financiamento a exportações,46452.0,13.81,
2011-11,PJ,Repasse externo,8867.0,14.71,
2011-11,PJ,Crédito rural,43044.0,7.93,
2011-11,PJ,Financiamento imobiliário,31399.0,10.81,
2011-11,PJ,Financiamento com recursos do BNDES,383290.0,9.43,
2011-12,Total,Total,2033954.0,25.82,17.19
2011-12,PF,Total,921598.0,34.01,25.04
2011-12,PF,Cheque especial,20864.0,150.85,
2011-12,PF,Crédito pessoal não consignado,79699.0,72.87,
2011-12,PF,Crédito pessoal consignado,158345.0,28.34,
2011-12,PF,Aquisição de veículos,177728.0,25.26,
2011-12,PF,Cartão de crédito rotativo,24115.0,293.51,
2011-12,PF,Cartão de crédito parcelado,8917.0,103.59,
2011-12,PF,Desconto de cheques,1608.0,50.83,
2011-12,PF,Crédito rural,76160.0,6.01,
2011-12,PF,Financiamento imobiliário,190155.0,10.04,
2011-12,PF,Microcrédito,2726.0,14.55,
2011-12,PJ,Total,1112355.0,18.14,9.83
2011-12,PJ,Desconto de duplicatas e recebíveis,26199.0,30.64,
2011-12,PJ,Capital de giro,290262.0,20.67,
2011-12,PJ,Conta garantida,44356.0,39.12,
2011-12,PJ,Cheque especial,13565.0,173.14,
2011-12,PJ,Aquisição de veículos,19298.0,17.92,
2011-12,PJ,Vendor,6102.0,16.58,
2011-12,PJ,Compror,13896.0,16.34,
2011-12,PJ,Cartão de crédito rotativo,1017.0,227.2,
2011-12,PJ,Cartão de crédito parcelado,98.0,115.58,
2011-12,PJ,Adiantamento sobre contratos de câmbio (ACC),39650.0,3.98,
2011-12,PJ,Financiamento a importações,5563.0,13.58,
2011-12,PJ,Financiamento a exportações,49143.0,12.49,
2011-12,PJ,Repasse externo,9094.0,15.2,
2011-12,PJ,Crédito rural,44355.0,8.13,
2011-12,PJ,Financiamento imobiliário,32201.0,11.62,
2011-12,PJ,Financiamento com recursos do BNDES,393392.0,9.56,
2012-01,Total,Total,2033185.0,26.8,18.22
2012-01,PF,Total,934121.0,34.97,26.04
2012-01,PF,Cheque especial,23321.0,150.69,
2012-01,PF,Crédito pessoal não consignado,80563.0,80.24,
2012-01,PF,Crédito pessoal consignado,160919.0,28.53,
2012-01,PF,Aquisição de veículos,180138.0,25.49,
2012-01,PF,Cartão de crédito rotativo,24848.0,301.97,
2012-01,PF,Cartão de crédito parcelado,9182.0,111.03,
2012-01,PF,Desconto de cheques,1565.0,51.69,
2012-01,PF,Crédito rural,76947.0,5.69,
2012-01,PF,Financiamento imobiliário,195229.0,9.87,
2012-01,PF,Microcrédito,2706.0,14.84,
2012-01,PJ,Total,1099064.0,19.06,10.81
2012-01,PJ,Desconto de duplicatas e recebíveis,23742.0,34.36,
2012-01,PJ,Capital de giro,289668.0,21.63,
2012-01,PJ,Conta garantida,44804.0,40.22,
2012-01,PJ,Cheque especial,14659.0,171.7,
2012-01,PJ,Aquisição de veículos,19586.0,18.82,
2012-01,PJ,Vendor,5529.0,16.6,
2012-01,PJ,Compror,12789.0,16.52,
2012-01,PJ,Cartão de crédito rotativo,1019.0,220.33,
2012-01,PJ,Cartão de crédito parcelado,98.0,104.3,
2012-01,PJ,Adiantamento sobre contratos de câmbio (ACC),39951.0,3.57,
2012-01,PJ,Financiamento a importações,5005.0,12.7,
2012-01,PJ,Financiamento a exportações,50186.0,12.56,
2012-01,PJ,Repasse externo,8379.0,15.21,
2012-01,PJ,Crédito rural,44318.0,8.69,
2012-01,PJ,Financiamento imobiliário,32922.0,11.71,
2012-01,PJ,Financiamento com recursos do BNDES,388551.0,10.97,
2012-02,Total,Total,2041040.0,26.86,18.63
2012-02,PF,Total,941121.0,35.3,26.79
2012-02,PF,Cheque especial,24219.0,150.61,
2012-02,PF,Crédito pessoal não consignado,81719.0,81.34,
2012-02,PF,Crédito pessoal consignado,163839.0,28.63,
2012-02,PF,Aquisição de veículos,181390.0,25.58,
2012-02,PF,Cartão de crédito rotativo,25622.0,292.95,
2012-02,PF,Cartão de crédito parcelado,9243.0,112.1,
2012-02,PF,Desconto de cheques,1557.0,52.59,
2012-02,PF,Crédito rural,77451.0,5.94,
2012-02,PF,Financiamento imobiliário,199346.0,9.3,
2012-02,PF,Microcrédito,2680.0,15.19,
2012-02,PJ,Total,1099920.0,18.8,10.83
2012-02,PJ,Desconto de duplicatas e recebíveis,23402.0,32.83,
2012-02,PJ,Capital de giro,294875.0,21.4,
2012-02,PJ,Conta garantida,45796.0,40.04,
2012-02,PJ,Cheque especial,15035.0,172.7,
2012-02,PJ,Aquisição de veículos,19867.0,19.15,
2012-02,PJ,Vendor,5226.0,16.28,
2012-02,PJ,Compror,12526.0,16.48,
2012-02,PJ,Cartão de crédito rotativo,1057.0,230.29,
2012-02,PJ,Cartão de crédito parcelado,100.0,99.95,
2012-02,PJ,Adiantamento sobre contratos de câmbio (ACC),40437.0,3.84,
2012-02,PJ,Financiamento a importações,4751.0,12.99,
2012-02,PJ,Financiamento a exportações,49678.0,12.42,
2012-02,PJ,Repasse externo,8160.0,14.8,
2012-02,PJ,Crédito rural,43497.0,8.72,
2012-02,PJ,Financiamento imobiliário,34013.0,10.11,
2012-02,PJ,Financiamento com recursos do BNDES,389035.0,10.46,
2012-03,Total,Total,2078912.0,26.54,18.41
2012-03,PF,Total,953171.0,35.01,26.56
2012-03,PF,Cheque especial,24125.0,151.0,
2012-03,PF,Crédito pessoal não consignado,82674.0,77.25,
2012-03,PF,Crédito pessoal consignado,166278.0,28.56,
2012-03,PF,Aquisição de veículos,182764.0,25.41,
2012-03,PF,Cartão de crédito rotativo,25384.0,306.5,
2012-03,PF,Cartão de crédito parcelado,9359.0,107.57,
2012-03,PF,Desconto de cheques,1573.0,51.29,
2012-03,PF,Crédito rural,78423.0,6.13,
2012-03,PF,Financiamento imobiliário,205351.0,9.19,
2012-03,PF,Microcrédito,2733.0,14.3,
2012-03,PJ,Total,1125741.0,18.49,10.67
2012-03,PJ,Desconto de duplicatas e recebíveis,26948.0,31.2,
2012-03,PJ,Capital de giro,300395.0,20.79,
2012-03,PJ,Conta garantida,46383.0,39.53,
2012-03,PJ,Cheque especial,14742.0,169.72,
2012-03,PJ,Aquisição de veículos,20296.0,18.64,
2012-03,PJ,Vendor,5226.0,15.87,
2012-03,PJ,Compror,13211.0,15.41,
2012-03,PJ,Cartão de crédito rotativo,1031.0,227.53,
2012-03,PJ,Cartão de crédito parcelado,110.0,84.9,
2012-03,PJ,Adiantamento sobre contratos de câmbio (ACC),44185.0,3.47,
2012-03,PJ,Financiamento a importações,4886.0,13.82,
2012-03,PJ,Financiamento a exportações,50690.0,11.78,
2012-03,PJ,Repasse externo,8834.0,14.11,
2012-03,PJ,Crédito rural,43660.0,8.48,
2012-03,PJ,Financiamento imobiliário,35157.0,10.81,
2012-03,PJ,Financiamento com recursos do BNDES,394557.0,10.53,
2012-04,Total,Total,2106585.0,25.96,18.21
2012-04,PF,Total,964854.0,34.3,26.34
2012-04,PF,Cheque especial,24967.0,144.15,
2012-04,PF,Crédito pessoal não consignado,83607.0,72.22,
2012-04,PF,Crédito pessoal consignado,169154.0,27.49,
2012-04,PF,Aquisição de veículos,183486.0,24.75,
2012-04,PF,Cartão de crédito rotativo,25859.0,319.02,
2012-04,PF,Cartão de crédito parcelado,8823.0,113.48,
2012-04,PF,Desconto de cheques,1555.0,50.39,
2012-04,PF,Crédito rural,79051.0,6.11,
2012-04,PF,Financiamento imobiliário,210170.0,8.94,
2012-04,PF,Microcrédito,2790.0,15.33,
2012-04,PJ,Total,1141731.0,18.04,10.48
2012-04,PJ,Desconto de duplicatas e recebíveis,25712.0,31.1,
2012-04,PJ,Capital de giro,303787.0,19.11,
2012-04,PJ,Conta garantida,47505.0,39.19,
2012-04,PJ,Cheque especial,15247.0,170.03,
2012-04,PJ,Aquisição de veículos,20570.0,18.67,
2012-04,PJ,Vendor,5024.0,15.11,
2012-04,PJ,Compror,12813.0,15.65,
2012-04,PJ,Cartão de crédito rotativo,1050.0,224.04,
2012-04,PJ,Cartão de crédito parcelado,107.0,101.77,
2012-04,PJ,Adiantamento sobre contratos de câmbio (ACC),48482.0,3.19,
2012-04,PJ,Financiamento a importações,4801.0,13.17,
2012-04,PJ,Financiamento a exportações,51665.0,12.09,
2012-04,PJ,Repasse externo,9468.0,13.59,
2012-04,PJ,Crédito rural,43901.0,8.09,
2012-04,PJ,Financiamento imobiliário,35919.0,11.0,
2012-04,PJ,Financiamento com recursos do BNDES,398979.0,11.01,
2012-05,Total,Total,2142061.0,24.36,16.96
2012-05,PF,Total,980828.0,32.34,24.76
2012-05,PF,Cheque especial,24438.0,139.93,
2012-05,PF,Crédito pessoal não consignado,85042.0,67.62,
2012-05,PF,Crédito pessoal consignado,172901.0,26.59,
2012-05,PF,Aquisição de veículos,184581.0,22.57,
2012-05,PF,Cartão de crédito rotativo,25837.0,306.69,
2012-05,PF,Cartão de crédito parcelado,9147.0,111.55,
2012-05,PF,Desconto de cheques,1583.0,44.59,
2012-05,PF,Crédito rural,80612.0,6.18,
2012-05,PF,Financiamento imobiliário,215380.0,8.61,
2012-05,PF,Microcrédito,2913.0,14.58,
2012-05,PJ,Total,1161233.0,16.77,9.54
2012-05,PJ,Desconto de duplicatas e recebíveis,25783.0,29.61,
2012-05,PJ,Capital de giro,310082.0,17.62,
2012-05,PJ,Conta garantida,46356.0,38.84,
2012-05,PJ,Cheque especial,14399.0,163.19,
2012-05,PJ,Aquisição de veículos,20711.0,17.75,
2012-05,PJ,Vendor,4708.0,15.01,
2012-05,PJ,Compror,13011.0,13.84,
2012-05,PJ,Cartão de crédito rotativo,1045.0,222.73,
2012-05,PJ,Cartão de crédito parcelado,109.0,87.31,
2012-05,PJ,Adiantamento sobre contratos de câmbio (ACC),50713.0,3.42,
2012-05,PJ,Financiamento a importações,5208.0,8.87,
2012-05,PJ,Financiamento a exportações,53722.0,10.75,
2012-05,PJ,Repasse externo,10397.0,13.15,
2012-05,PJ,Crédito rural,43328.0,8.1,
2012-05,PJ,Financiamento imobiliário,36860.0,9.52,
2012-05,PJ,Financiamento com recursos do BNDES,405426.0,9.95,
2012-06,Total,Total,2175135.0,23.62,16.34
2012-06,PF,Total,994137.0,31.58,24.17
2012-06,PF,Cheque especial,23766.0,138.29,
2012-06,PF,Crédito pessoal não consignado,85986.0,66.41,
2012-06,PF,Crédito pessoal consignado,176030.0,25.68,
2012-06,PF,Aquisição de veículos,186890.0,20.23,
2012-06,PF,Cartão de crédito rotativo,25911.0,311.48,
2012-06,PF,Cartão de crédito parcelado,9363.0,113.96,
2012-06,PF,Desconto de cheques,1667.0,42.58,
2012-06,PF,Crédito rural,81931.0,6.16,
2012-06,PF,Financiamento imobiliário,221440.0,8.04,
2012-06,PF,Microcrédito,3009.0,14.12,
2012-06,PJ,Total,1180998.0,16.04,8.89
2012-06,PJ,Desconto de duplicatas e recebíveis,28240.0,28.24,
2012-06,PJ,Capital de giro,316335.0,16.8,
2012-06,PJ,Conta garantida,46363.0,38.42,
2012-06,PJ,Cheque especial,14523.0,159.02,
2012-06,PJ,Aquisição de veículos,20876.0,16.7,
2012-06,PJ,Vendor,4663.0,14.39,
2012-06,PJ,Compror,12692.0,14.68,
2012-06,PJ,Cartão de crédito rotativo,1081.0,234.61,
2012-06,PJ,Cartão de crédito parcelado,109.0,90.18,
2012-06,PJ,Adiantamento sobre contratos de câmbio (ACC),49490.0,3.4,
2012-06,PJ,Financiamento a importações,5326.0,7.75,
2012-06,PJ,Financiamento a exportações,56260.0,10.32,
2012-06,PJ,Repasse externo,11322.0,11.1,
2012-06,PJ,Crédito rural,43295.0,8.36,
2012-06,PJ,Financiamento imobiliário,38067.0,10.19,
2012-06,PJ,Financiamento com recursos do BNDES,407138.0,9.11,
2012-07,Total,Total,2192888.0,23.03,16.12
2012-07,PF,Total,1004184.0,30.71,23.63
2012-07,PF,Cheque especial,24044.0,126.2,
2012-07,PF,Crédito pessoal não consignado,86035.0,68.77,
2012-07,PF,Crédito pessoal consignado,178514.0,25.37,
2012-07,PF,Aquisição de veículos,187944.0,20.7,
2012-07,PF,Cartão de crédito rotativo,25295.0,295.2,
2012-07,PF,Cartão de crédito parcelado,9607.0,113.49,
2012-07,PF,Desconto de cheques,1621.0,44.41,
2012-07,PF,Crédito rural,79975.0,5.69,
2012-07,PF,Financiamento imobiliário,227332.0,8.0,
2012-07,PF,Microcrédito,3036.0,14.29,
2012-07,PJ,Total,1188704.0,15.7,8.94
2012-07,PJ,Desconto de duplicatas e recebíveis,26713.0,27.77,
2012-07,PJ,Capital de giro,316918.0,17.19,
2012-07,PJ,Conta garantida,46206.0,38.25,
2012-07,PJ,Cheque especial,14468.0,156.93,
2012-07,PJ,Aquisição de veículos,20902.0,16.69,
2012-07,PJ,Vendor,4561.0,13.8,
2012-07,PJ,Compror,12134.0,13.44,
2012-07,PJ,Cartão de crédito rotativo,1061.0,224.93,
2012-07,PJ,Cartão de crédito parcelado,111.0,77.03,
2012-07,PJ,Adiantamento sobre contratos de câmbio (ACC),50714.0,3.27,
2012-07,PJ,Financiamento a importações,5258.0,10.13,
2012-07,PJ,Financiamento a exportações,58394.0,9.81,
2012-07,PJ,Repasse externo,11470.0,11.32,
2012-07,PJ,Crédito rural,43224.0,7.39,
2012-07,PJ,Financiamento imobiliário,38690.0,9.38,
2012-07,PJ,Financiamento com recursos do BNDES,414103.0,8.48,
2012-08,Total,Total,2219866.0,22.54,15.69
2012-08,PF,Total,1022556.0,29.84,22.83
2012-08,PF,Cheque especial,23861.0,124.31,
2012-08,PF,Crédito pessoal não consignado,86896.0,68.29,
2012-08,PF,Crédito pessoal consignado,181640.0,24.93,
2012-08,PF,Aquisição de veículos,190880.0,20.31,
2012-08,PF,Cartão de crédito rotativo,25283.0,286.55,
2012-08,PF,Cartão de crédito parcelado,9514.0,114.05,
2012-08,PF,Desconto de cheques,1660.0,42.36,
2012-08,PF,Crédito rural,83029.0,5.33,
2012-08,PF,Financiamento imobiliário,234454.0,7.92,
2012-08,PF,Microcrédito,3126.0,14.03,
2012-08,PJ,Total,1197310.0,15.54,8.85
2012-08,PJ,Desconto de duplicatas e recebíveis,27170.0,25.98,
2012-08,PJ,Capital de giro,320456.0,17.19,
2012-08,PJ,Conta garantida,45224.0,38.06,
2012-08,PJ,Cheque especial,13910.0,154.45,
2012-08,PJ,Aquisição de veículos,21082.0,16.76,
2012-08,PJ,Vendor,4350.0,13.09,
2012-08,PJ,Compror,10843.0,12.9,
2012-08,PJ,Cartão de crédito rotativo,1046.0,227.4,
2012-08,PJ,Cartão de crédito parcelado,116.0,71.71,
2012-08,PJ,Adiantamento sobre contratos de câmbio (ACC),52330.0,3.51,
2012-08,PJ,Financiamento a importações,5305.0,9.89,
2012-08,PJ,Financiamento a exportações,59474.0,10.03,
2012-08,PJ,Repasse externo,11254.0,11.8,
2012-08,PJ,Crédito rural,44927.0,7.06,
2012-08,PJ,Financiamento imobiliário,39715.0,10.34,
2012-08,PJ,Financiamento com recursos do BNDES,415068.0,8.45,
2012-09,Total,Total,2244474.0,22.3,15.52
2012-09,PF,Total,1025645.0,29.78,22.88
2012-09,PF,Cheque especial,23462.0,124.24,
2012-09,PF,Crédito pessoal não consignado,88538.0,66.92,
2012-09,PF,Crédito pessoal consignado,181073.0,25.16,
2012-09,PF,Aquisição de veículos,190168.0,21.09,
2012-09,PF,Cartão de crédito rotativo,26162.0,275.97,
2012-09,PF,Cartão de crédito parcelado,9567.0,118.1,
2012-09,PF,Desconto de cheques,1677.0,41.82,
2012-09,PF,Crédito rural,85341.0,5.15,
2012-09,PF,Financiamento imobiliário,237809.0,8.12,
2012-09,PF,Microcrédito,3154.0,12.99,
2012-09,PJ,Total,1218829.0,15.17,8.5
2012-09,PJ,Desconto de duplicatas e recebíveis,30288.0,25.2,
2012-09,PJ,Capital de giro,323662.0,16.77,
2012-09,PJ,Conta garantida,45442.0,37.15,
2012-09,PJ,Cheque especial,14311.0,153.56,
2012-09,PJ,Aquisição de veículos,21202.0,16.11,
2012-09,PJ,Vendor,4842.0,13.03,
2012-09,PJ,Compror,11316.0,13.33,
2012-09,PJ,Cartão de crédito rotativo,1124.0,215.08,
2012-09,PJ,Cartão de crédito parcelado,121.0,78.72,
2012-09,PJ,Adiantamento sobre contratos de câmbio (ACC),51894.0,3.41,
2012-09,PJ,Financiamento a importações,5161.0,10.1,
2012-09,PJ,Financiamento a exportações,60581.0,10.62,
2012-09,PJ,Repasse externo,11284.0,13.45,
2012-09,PJ,Crédito rural,45946.0,6.57,
2012-09,PJ,Financiamento imobiliário,40473.0,10.49,
2012-09,PJ,Financiamento com recursos do BNDES,418200.0,8.04,
2012-10,Total,Total,2276286.0,21.72,15.14
2012-10,PF,Total,1041511.0,29.05,22.42
2012-10,PF,Cheque especial,24103.0,123.32,
2012-10,PF,Crédito pessoal não consignado,89577.0,67.93,
2012-10,PF,Crédito pessoal consignado,184016.0,24.81,
2012-10,PF,Aquisição de veículos,190420.0,20.51,
2012-10,PF,Cartão de crédito rotativo,25027.0,267.08,
2012-10,PF,Cartão de crédito parcelado,9709.0,113.06,
2012-10,PF,Desconto de cheques,1659.0,41.98,
2012-10,PF,Crédito rural,87618.0,5.26,
2012-10,PF,Financiamento imobiliário,244263.0,8.03,
2012-10,PF,Microcrédito,3414.0,12.17,
2012-10,PJ,Total,1234774.0,14.7,8.17
2012-10,PJ,Desconto de duplicatas e recebíveis,29114.0,25.58,
2012-10,PJ,Capital de giro,327960.0,15.87,
2012-10,PJ,Conta garantida,44453.0,37.84,
2012-10,PJ,Cheque especial,14101.0,152.01,
2012-10,PJ,Aquisição de veículos,21186.0,16.39,
2012-10,PJ,Vendor,5159.0,12.68,
2012-10,PJ,Compror,11298.0,12.37,
2012-10,PJ,Cartão de crédito rotativo,1037.0,221.37,
2012-10,PJ,Cartão de crédito parcelado,122.0,72.36,
2012-10,PJ,Adiantamento sobre contratos de câmbio (ACC),51752.0,3.38,
2012-10,PJ,Financiamento a importações,5103.0,9.24,
2012-10,PJ,Financiamento a exportações,63922.0,10.7,
2012-10,PJ,Repasse externo,11214.0,12.1,
2012-10,PJ,Crédito rural,49006.0,7.41,
2012-10,PJ,Financiamento imobiliário,41341.0,10.36,
2012-10,PJ,Financiamento com recursos do BNDES,423763.0,7.65,
2012-11,Total,Total,2310841.0,21.47,14.93
2012-11,PF,Total,1056237.0,28.47,21.87
2012-11,PF,Cheque especial,23522.0,123.03,
2012-11,PF,Crédito pessoal não consignado,90505.0,66.3,
2012-11,PF,Crédito pessoal consignado,186279.0,24.63,
2012-11,PF,Aquisição de veículos,190777.0,20.47,
2012-11,PF,Cartão de crédito rotativo,25090.0,262.98,
2012-11,PF,Cartão de crédito parcelado,9793.0,109.77,
2012-11,PF,Desconto de cheques,1686.0,41.24,
2012-11,PF,Crédito rural,90229.0,5.03,
2012-11,PF,Financiamento imobiliário,250325.0,7.94,
2012-11,PF,Microcrédito,3635.0,11.99,
2012-11,PJ,Total,1254604.0,14.77,8.3
2012-11,PJ,Desconto de duplicatas e recebíveis,29980.0,24.62,
2012-11,PJ,Capital de giro,334368.0,16.61,
2012-11,PJ,Conta garantida,44722.0,37.44,
2012-11,PJ,Cheque especial,14197.0,151.12,
2012-11,PJ,Aquisição de veículos,21186.0,15.52,
2012-11,PJ,Vendor,5645.0,12.93,
2012-11,PJ,Compror,12483.0,12.85,
2012-11,PJ,Cartão de crédito rotativo,1051.0,225.57,
2012-11,PJ,Cartão de crédito parcelado,127.0,69.89,
2012-11,PJ,Adiantamento sobre contratos de câmbio (ACC),48141.0,3.85,
2012-11,PJ,Financiamento a importações,5207.0,9.7,
2012-11,PJ,Financiamento a exportações,65367.0,11.28,
2012-11,PJ,Repasse externo,12044.0,11.31,
2012-11,PJ,Crédito rural,49111.0,7.35,
2012-11,PJ,Financiamento imobiliário,42204.0,10.2,
2012-11,PJ,Financiamento com recursos do BNDES,432276.0,7.4,
2012-12,Total,Total,2368338.0,20.39,13.95
2012-12,PF,Total,1076471.0,27.32,20.85
2012-12,PF,Cheque especial,21791.0,121.91,
2012-12,PF,Crédito pessoal não consignado,89678.0,66.42,
2012-12,PF,Crédito pessoal consignado,187462.0,24.47,
2012-12,PF,Aquisição de veículos,193216.0,19.75,
2012-12,PF,Cartão de crédito rotativo,24412.0,257.95,
2012-12,PF,Cartão de crédito parcelado,9845.0,106.74,
2012-12,PF,Desconto de cheques,1675.0,41.43,
2012-12,PF,Crédito rural,94634.0,5.04,
2012-12,PF,Financiamento imobiliário,257083.0,7.87,
2012-12,PF,Microcrédito,4051.0,11.97,
2012-12,PJ,Total,1291867.0,13.82,7.41
2012-12,PJ,Desconto de duplicatas e recebíveis,35385.0,21.42,
2012-12,PJ,Capital de giro,342519.0,15.37,
2012-12,PJ,Conta garantida,44104.0,36.37,
2012-12,PJ,Cheque especial,13594.0,148.35,
2012-12,PJ,Aquisição de veículos,21261.0,15.67,
2012-12,PJ,Vendor,5869.0,12.85,
2012-12,PJ,Compror,12789.0,12.35,
2012-12,PJ,Cartão de crédito rotativo,1066.0,222.64,
2012-12,PJ,Cartão de crédito parcelado,135.0,61.22,
2012-12,PJ,Adiantamento sobre contratos de câmbio (ACC),45908.0,3.63,
2012-12,PJ,Financiamento a importações,4958.0,8.57,
2012-12,PJ,Financiamento a exportações,64878.0,10.51,
2012-12,PJ,Repasse externo,13839.0,9.15,
2012-12,PJ,Crédito rural,50163.0,7.01,
2012-12,PJ,Financiamento imobiliário,42947.0,10.01,
2012-12,PJ,Financiamento com recursos do BNDES,446699.0,6.87,
2013-01,Total,Total,2369367.0,20.84,14.47
2013-01,PF,Total,1091383.0,27.38,20.87
2013-01,PF,Cheque especial,21957.0,122.4,
2013-01,PF,Crédito pessoal não consignado,90475.0,68.21,
2013-01,PF,Crédito pessoal consignado,190754.0,24.52,
2013-01,PF,Aquisição de veículos,193474.0,20.53,
2013-01,PF,Cartão de crédito rotativo,24591.0,250.18,
2013-01,PF,Cartão de crédito parcelado,9900.0,107.18,
2013-01,PF,Desconto de cheques,1637.0,41.43,
2013-01,PF,Crédito rural,94355.0,4.68,
2013-01,PF,Financiamento imobiliário,263172.0,7.94,
2013-01,PF,Microcrédito,3804.0,11.94,
2013-01,PJ,Total,1277983.0,14.57,8.34
2013-01,PJ,Desconto de duplicatas e recebíveis,29594.0,25.81,
2013-01,PJ,Capital de giro,342397.0,16.85,
2013-01,PJ,Conta garantida,43670.0,37.08,
2013-01,PJ,Cheque especial,14458.0,146.34,
2013-01,PJ,Aquisição de veículos,20990.0,16.36,
2013-01,PJ,Vendor,5593.0,12.44,
2013-01,PJ,Compror,11630.0,12.12,
2013-01,PJ,Cartão de crédito rotativo,1068.0,220.12,
2013-01,PJ,Cartão de crédito parcelado,154.0,68.4,
2013-01,PJ,Adiantamento sobre contratos de câmbio (ACC),43634.0,3.71,
2013-01,PJ,Financiamento a importações,4769.0,7.75,
2013-01,PJ,Financiamento a exportações,64596.0,9.79,
2013-01,PJ,Repasse externo,15397.0,9.12,
2013-01,PJ,Crédito rural,50156.0,7.16,
2013-01,PJ,Financiamento imobiliário,43092.0,10.06,
2013-01,PJ,Financiamento com recursos do BNDES,448494.0,7.35,
2013-02,Total,Total,2386809.0,21.18,14.59
2013-02,PF,Total,1097887.0,27.96,21.22
2013-02,PF,Cheque especial,22635.0,122.58,
2013-02,PF,Crédito pessoal não consignado,91368.0,69.92,
2013-02,PF,Crédito pessoal consignado,194229.0,24.78,
2013-02,PF,Aquisição de veículos,193840.0,20.71,
2013-02,PF,Cartão de crédito rotativo,25963.0,254.45,
2013-02,PF,Cartão de crédito parcelado,9899.0,106.42,
2013-02,PF,Desconto de cheques,1650.0,43.29,
2013-02,PF,Crédito rural,94870.0,4.84,
2013-02,PF,Financiamento imobiliário,268516.0,7.69,
2013-02,PF,Microcrédito,3804.0,11.92,
2013-02,PJ,Total,1288922.0,14.65,8.21
2013-02,PJ,Desconto de duplicatas e recebíveis,29078.0,26.47,
2013-02,PJ,Capital de giro,342110.0,16.88,
2013-02,PJ,Conta garantida,44828.0,37.03,
2013-02,PJ,Cheque especial,15157.0,147.23,
2013-02,PJ,Aquisição de veículos,20827.0,16.46,
2013-02,PJ,Vendor,5638.0,12.46,
2013-02,PJ,Compror,11446.0,13.31,
2013-02,PJ,Cartão de crédito rotativo,1154.0,215.8,
2013-02,PJ,Cartão de crédito parcelado,154.0,67.62,
2013-02,PJ,Adiantamento sobre contratos de câmbio (ACC),44565.0,3.3,
2013-02,PJ,Financiamento a importações,4598.0,9.31,
2013-02,PJ,Financiamento a exportações,67661.0,9.11,
2013-02,PJ,Repasse externo,15098.0,12.8,
2013-02,PJ,Crédito rural,50667.0,7.73,
2013-02,PJ,Financiamento imobiliário,43778.0,10.09,
2013-02,PJ,Financiamento com recursos do BNDES,450197.0,7.15,
2013-03,Total,Total,2430295.0,20.93,14.21
2013-03,PF,Total,1111142.0,27.42,20.6
2013-03,PF,Cheque especial,22058.0,122.09,
2013-03,PF,Crédito pessoal não consignado,92337.0,68.09,
2013-03,PF,Crédito pessoal consignado,197440.0,24.67,
2013-03,PF,Aquisição de veículos,192795.0,19.73,
2013-03,PF,Cartão de crédito rotativo,26057.0,252.63,
2013-03,PF,Cartão de crédito parcelado,9908.0,105.17,
2013-03,PF,Desconto de cheques,1634.0,46.61,
2013-03,PF,Crédito rural,96684.0,5.03,
2013-03,PF,Financiamento imobiliário,275996.0,7.7,
2013-03,PF,Microcrédito,3859.0,11.93,
2013-03,PJ,Total,1319153.0,14.65,8.03
2013-03,PJ,Desconto de duplicatas e recebíveis,33224.0,25.73,
2013-03,PJ,Capital de giro,344231.0,16.57,
2013-03,PJ,Conta garantida,44932.0,37.1,
2013-03,PJ,Cheque especial,14689.0,146.69,
2013-03,PJ,Aquisição de veículos,20785.0,16.41,
2013-03,PJ,Vendor,5838.0,12.8,
2013-03,PJ,Compror,12113.0,12.96,
2013-03,PJ,Cartão de crédito rotativo,1148.0,220.04,
2013-03,PJ,Cartão de crédito parcelado,154.0,76.05,
2013-03,PJ,Adiantamento sobre contratos de câmbio (ACC),44344.0,3.26,
2013-03,PJ,Financiamento a importações,4626.0,9.5,
2013-03,PJ,Financiamento a exportações,70942.0,10.34,
2013-03,PJ,Repasse externo,14957.0,13.06,
2013-03,PJ,Crédito rural,51034.0,7.51,
2013-03,PJ,Financiamento imobiliário,44518.0,10.36,
2013-03,PJ,Financiamento com recursos do BNDES,456772.0,7.16,
2013-04,Total,Total,2452502.0,20.83,14.11
2013-04,PF,Total,1128091.0,27.21,20.44
2013-04,PF,Cheque especial,22953.0,121.62,
2013-04,PF,Crédito pessoal não consignado,93417.0,67.84,
2013-04,PF,Crédito pessoal consignado,201161.0,24.4,
2013-04,PF,Aquisição de veículos,193076.0,19.92,
2013-04,PF,Cartão de crédito rotativo,25725.0,254.85,
2013-04,PF,Cartão de crédito parcelado,10018.0,100.13,
2013-04,PF,Desconto de cheques,1590.0,47.06,
2013-04,PF,Crédito rural,98283.0,5.03,
2013-04,PF,Financiamento imobiliário,283580.0,7.85,
2013-04,PF,Microcrédito,3915.0,11.87,
2013-04,PJ,Total,1324410.0,14.61,7.95
2013-04,PJ,Desconto de duplicatas e recebíveis,31061.0,26.19,
2013-04,PJ,Capital de giro,344513.0,16.95,
2013-04,PJ,Conta garantida,44334.0,37.72,
2013-04,PJ,Cheque especial,14791.0,145.48,
2013-04,PJ,Aquisição de veículos,20750.0,16.3,
2013-04,PJ,Vendor,5558.0,13.14,
2013-04,PJ,Compror,12585.0,13.02,
2013-04,PJ,Cartão de crédito rotativo,1133.0,205.15,
2013-04,PJ,Cartão de crédito parcelado,144.0,66.83,
2013-04,PJ,Adiantamento sobre contratos de câmbio (ACC),44197.0,2.87,
2013-04,PJ,Financiamento a importações,4361.0,10.14,
2013-04,PJ,Financiamento a exportações,74507.0,11.93,
2013-04,PJ,Repasse externo,14810.0,13.39,
2013-04,PJ,Crédito rural,50888.0,7.32,
2013-04,PJ,Financiamento imobiliário,45261.0,9.86,
2013-04,PJ,Financiamento com recursos do BNDES,463605.0,6.7,
2013-05,Total,Total,2490697.0,20.57,13.78
2013-05,PF,Total,1147287.0,26.93,20.09
2013-05,PF,Cheque especial,22784.0,121.13,
2013-05,PF,Crédito pessoal não consignado,94355.0,68.13,
2013-05,PF,Crédito pessoal consignado,205006.0,24.22,
2013-05,PF,Aquisição de veículos,193211.0,19.73,
2013-05,PF,Cartão de crédito rotativo,25742.0,254.53,
2013-05,PF,Cartão de crédito parcelado,9922.0,105.36,
2013-05,PF,Desconto de cheques,1583.0,46.02,
2013-05,PF,Crédito rural,100992.0,5.01,
2013-05,PF,Financiamento imobiliário,292042.0,7.79,
2013-05,PF,Microcrédito,4007.0,11.89,
2013-05,PJ,Total,1343410.0,14.34,7.59
2013-05,PJ,Desconto de duplicatas e recebíveis,31443.0,25.29,
2013-05,PJ,Capital de giro,346770.0,17.1,
2013-05,PJ,Conta garantida,43971.0,37.16,
2013-05,PJ,Cheque especial,14609.0,143.66,
2013-05,PJ,Aquisição de veículos,20768.0,16.37,
2013-05,PJ,Vendor,5179.0,13.31,
2013-05,PJ,Compror,13177.0,13.44,
2013-05,PJ,Cartão de crédito rotativo,1163.0,202.84,
2013-05,PJ,Cartão de crédito parcelado,141.0,71.47,
2013-05,PJ,Adiantamento sobre contratos de câmbio (ACC),46614.0,2.57,
2013-05,PJ,Financiamento a importações,4546.0,11.61,
2013-05,PJ,Financiamento a exportações,75143.0,10.38,
2013-05,PJ,Repasse externo,15649.0,13.08,
2013-05,PJ,Crédito rural,50696.0,7.16,
2013-05,PJ,Financiamento imobiliário,46438.0,10.17,
2013-05,PJ,Financiamento com recursos do BNDES,471936.0,6.49,
2013-06,Total,Total,2535007.0,20.85,13.34
2013-06,PF,Total,1163443.0,27.06,19.43
2013-06,PF,Cheque especial,22054.0,121.77,
2013-06,PF,Crédito pessoal não consignado,95380.0,72.78,
2013-06,PF,Crédito pessoal consignado,207713.0,24.27,
2013-06,PF,Aquisição de veículos,193773.0,19.47,
2013-06,PF,Cartão de crédito rotativo,26401.0,255.35,
2013-06,PF,Cartão de crédito parcelado,9857.0,105.94,
2013-06,PF,Desconto de cheques,1587.0,45.1,
2013-06,PF,Crédito rural,105601.0,4.98,
2013-06,PF,Financiamento imobiliário,300962.0,7.81,
2013-06,PF,Microcrédito,4150.0,9.39,
2013-06,PJ,Total,1371563.0,14.73,7.33
2013-06,PJ,Desconto de duplicatas e recebíveis,35690.0,26.27,
2013-06,PJ,Capital de giro,348501.0,17.64,
2013-06,PJ,Conta garantida,43888.0,36.87,
2013-06,PJ,Cheque especial,14573.0,144.18,
2013-06,PJ,Aquisição de veículos,20750.0,16.72,
2013-06,PJ,Vendor,5358.0,13.86,
2013-06,PJ,Compror,14462.0,13.64,
2013-06,PJ,Cartão de crédito rotativo,1197.0,204.13,
2013-06,PJ,Cartão de crédito parcelado,146.0,72.74,
2013-06,PJ,Adiantamento sobre contratos de câmbio (ACC),46213.0,2.73,
2013-06,PJ,Financiamento a importações,4847.0,11.77,
2013-06,PJ,Financiamento a exportações,75501.0,11.78,
2013-06,PJ,Repasse externo,16916.0,11.32,
2013-06,PJ,Crédito rural,59305.0,7.04,
2013-06,PJ,Financiamento imobiliário,47349.0,10.14,
2013-06,PJ,Financiamento com recursos do BNDES,477679.0,6.92,
2013-07,Total,Total,2548584.0,21.28,13.69
2013-07,PF,Total,1177347.0,27.62,19.82
2013-07,PF,Cheque especial,22440.0,121.96,
2013-07,PF,Crédito pessoal não consignado,95477.0,79.13,
2013-07,PF,Crédito pessoal consignado,210451.0,24.37,
2013-07,PF,Aquisição de veículos,193946.0,20.28,
2013-07,PF,Cartão de crédito rotativo,25973.0,260.52,
2013-07,PF,Cartão de crédito parcelado,9922.0,103.44,
2013-07,PF,Desconto de cheques,1525.0,46.46,
2013-07,PF,Crédito rural,103414.0,5.11,
2013-07,PF,Financiamento imobiliário,309231.0,7.97,
2013-07,PF,Microcrédito,4096.0,9.62,
2013-07,PJ,Total,1371237.0,14.96,7.57
2013-07,PJ,Desconto de duplicatas e recebíveis,32503.0,26.74,
2013-07,PJ,Capital de giro,347676.0,18.31,
2013-07,PJ,Conta garantida,43002.0,37.6,
2013-07,PJ,Cheque especial,14476.0,144.15,
2013-07,PJ,Aquisição de veículos,20707.0,16.95,
2013-07,PJ,Vendor,5004.0,13.88,
2013-07,PJ,Compror,13844.0,13.88,
2013-07,PJ,Cartão de crédito rotativo,1188.0,205.94,
2013-07,PJ,Cartão de crédito parcelado,149.0,69.49,
2013-07,PJ,Adiantamento sobre contratos de câmbio (ACC),45958.0,2.99,
2013-07,PJ,Financiamento a importações,5143.0,11.03,
2013-07,PJ,Financiamento a exportações,77088.0,11.73,
2013-07,PJ,Repasse externo,17594.0,12.5,
2013-07,PJ,Crédito rural,58790.0,7.34,
2013-07,PJ,Financiamento imobiliário,48293.0,11.01,
2013-07,PJ,Financiamento com recursos do BNDES,485117.0,6.72,
2013-08,Total,Total,2581362.0,21.46,13.55
2013-08,PF,Total,1193872.0,27.73,19.53
2013-08,PF,Cheque especial,22555.0,122.64,
2013-08,PF,Crédito pessoal não consignado,96232.0,79.11,
2013-08,PF,Crédito pessoal consignado,213298.0,24.48,
2013-08,PF,Aquisição de veículos,193689.0,21.24,
2013-08,PF,Cartão de crédito rotativo,25871.0,260.74,
2013-08,PF,Cartão de crédito parcelado,10475.0,106.07,
2013-08,PF,Desconto de cheques,1552.0,46.54,
2013-08,PF,Crédito rural,106741.0,5.02,
2013-08,PF,Financiamento imobiliário,317820.0,8.08,
2013-08,PF,Microcrédito,4137.0,9.57,
2013-08,PJ,Total,1387490.0,15.2,7.58
2013-08,PJ,Desconto de duplicatas e recebíveis,33306.0,26.75,
2013-08,PJ,Capital de giro,348275.0,19.19,
2013-08,PJ,Conta garantida,43221.0,37.81,
2013-08,PJ,Cheque especial,14637.0,147.34,
2013-08,PJ,Aquisição de veículos,20553.0,17.82,
2013-08,PJ,Vendor,5055.0,14.44,
2013-08,PJ,Compror,14286.0,14.35,
2013-08,PJ,Cartão de crédito rotativo,1214.0,205.59,
2013-08,PJ,Cartão de crédito parcelado,346.0,62.22,
2013-08,PJ,Adiantamento sobre contratos de câmbio (ACC),46414.0,2.99,
2013-08,PJ,Financiamento a importações,5363.0,11.81,
2013-08,PJ,Financiamento a exportações,77292.0,11.5,
2013-08,PJ,Repasse externo,18402.0,12.83,
2013-08,PJ,Crédito rural,59936.0,7.08,
2013-08,PJ,Financiamento imobiliário,50006.0,10.12,
2013-08,PJ,Financiamento com recursos do BNDES,494718.0,6.76,
2013-09,Total,Total,2600691.0,21.61,13.53
2013-09,PF,Total,1205858.0,28.01,19.61
2013-09,PF,Cheque especial,23460.0,125.51,
2013-09,PF,Crédito pessoal não consignado,97369.0,81.93,
2013-09,PF,Crédito pessoal consignado,215133.0,24.32,
2013-09,PF,Aquisição de veículos,193105.0,21.6,
2013-09,PF,Cartão de crédito rotativo,26471.0,263.23,
2013-09,PF,Cartão de crédito parcelado,10674.0,101.49,
2013-09,PF,Desconto de cheques,1538.0,46.18,
2013-09,PF,Crédito rural,110109.0,4.9,
2013-09,PF,Financiamento imobiliário,322543.0,8.35,
2013-09,PF,Microcrédito,4168.0,9.06,
2013-09,PJ,Total,1394833.0,15.27,7.5
2013-09,PJ,Desconto de duplicatas e recebíveis,37109.0,25.77,
2013-09,PJ,Capital de giro,350096.0,19.52,
2013-09,PJ,Conta garantida,43375.0,38.08,
2013-09,PJ,Cheque especial,15176.0,147.92,
2013-09,PJ,Aquisição de veículos,20508.0,18.11,
2013-09,PJ,Vendor,5683.0,14.43,
2013-09,PJ,Compror,15314.0,14.81,
2013-09,PJ,Cartão de crédito rotativo,1292.0,210.22,
2013-09,PJ,Cartão de crédito parcelado,1012.0,16.08,
2013-09,PJ,Adiantamento sobre contratos de câmbio (ACC),45882.0,3.05,
2013-09,PJ,Financiamento a importações,5074.0,9.64,
2013-09,PJ,Financiamento a exportações,77993.0,12.35,
2013-09,PJ,Repasse externo,20108.0,10.35,
2013-09,PJ,Crédito rural,62238.0,6.66,
2013-09,PJ,Financiamento imobiliário,51152.0,10.38,
2013-09,PJ,Financiamento com recursos do BNDES,490014.0,6.77,
2013-10,Total,Total,2607807.0,21.98,13.79
2013-10,PF,Total,1215932.0,28.62,20.13
2013-10,PF,Cheque especial,23420.0,126.35,
2013-10,PF,Crédito pessoal não consignado,98367.0,87.79,
2013-10,PF,Crédito pessoal consignado,217137.0,24.61,
2013-10,PF,Aquisição de veículos,193030.0,20.83,
2013-10,PF,Cartão de crédito rotativo,25876.0,267.23,
2013-10,PF,Cartão de crédito parcelado,10684.0,102.46,
2013-10,PF,Desconto de cheques,1525.0,47.0,
2013-10,PF,Crédito rural,112163.0,4.97,
2013-10,PF,Financiamento imobiliário,325399.0,8.68,
2013-10,PF,Microcrédito,4402.0,9.23,
2013-10,PJ,Total,1391875.0,15.39,7.49
2013-10,PJ,Desconto de duplicatas e recebíveis,35653.0,26.97,
2013-10,PJ,Capital de giro,351542.0,19.14,
2013-10,PJ,Conta garantida,43009.0,38.32,
2013-10,PJ,Cheque especial,14794.0,147.47,
2013-10,PJ,Aquisição de veículos,20450.0,18.07,
2013-10,PJ,Vendor,6206.0,14.91,
2013-10,PJ,Compror,15682.0,15.11,
2013-10,PJ,Cartão de crédito rotativo,1258.0,208.96,
2013-10,PJ,Cartão de crédito parcelado,482.0,26.94,
2013-10,PJ,Adiantamento sobre contratos de câmbio (ACC),44150.0,2.98,
2013-10,PJ,Financiamento a importações,4995.0,11.44,
2013-10,PJ,Financiamento a exportações,78560.0,12.89,
2013-10,PJ,Repasse externo,19760.0,15.54,
2013-10,PJ,Crédito rural,62989.0,7.19,
2013-10,PJ,Financiamento imobiliário,52036.0,11.71,
2013-10,PJ,Financiamento com recursos do BNDES,487193.0,6.73,
2013-11,Total,Total,2650448.0,22.21,13.74
2013-11,PF,Total,1231489.0,28.71,19.94
2013-11,PF,Cheque especial,22600.0,127.46,
2013-11,PF,Crédito pessoal não consignado,99152.0,86.3,
2013-11,PF,Crédito pessoal consignado,219057.0,24.5,
2013-11,PF,Aquisição de veículos,193082.0,21.28,
2013-11,PF,Cartão de crédito rotativo,26538.0,272.64,
2013-11,PF,Cartão de crédito parcelado,10572.0,105.6,
2013-11,PF,Desconto de cheques,1578.0,47.41,
2013-11,PF,Crédito rural,115096.0,4.92,
2013-11,PF,Financiamento imobiliário,333017.0,8.8,
2013-11,PF,Microcrédito,4852.0,9.01,
2013-11,PJ,Total,1418959.0,15.73,7.55
2013-11,PJ,Desconto de duplicatas e recebíveis,39087.0,26.09,
2013-11,PJ,Capital de giro,357227.0,20.11,
2013-11,PJ,Conta garantida,44139.0,37.81,
2013-11,PJ,Cheque especial,15092.0,149.08,
2013-11,PJ,Aquisição de veículos,20341.0,18.06,
2013-11,PJ,Vendor,6803.0,16.04,
2013-11,PJ,Compror,16550.0,16.97,
2013-11,PJ,Cartão de crédito rotativo,1301.0,215.05,
2013-11,PJ,Cartão de crédito parcelado,802.0,18.95,
2013-11,PJ,Adiantamento sobre contratos de câmbio (ACC),42271.0,3.18,
2013-11,PJ,Financiamento a importações,5432.0,12.48,
2013-11,PJ,Financiamento a exportações,79884.0,13.23,
2013-11,PJ,Repasse externo,21558.0,13.65,
2013-11,PJ,Crédito rural,64716.0,7.3,
2013-11,PJ,Financiamento imobiliário,52799.0,10.92,
2013-11,PJ,Financiamento com recursos do BNDES,498073.0,6.85,
2013-12,Total,Total,2710771.0,21.87,13.28
2013-12,PF,Total,1248780.0,28.19,19.31
2013-12,PF,Cheque especial,21623.0,129.18,
2013-12,PF,Crédito pessoal não consignado,97525.0,86.03,
2013-12,PF,Crédito pessoal consignado,216714.0,24.38,
2013-12,PF,Aquisição de veículos,192797.0,21.29,
2013-12,PF,Cartão de crédito rotativo,25563.0,285.95,
2013-12,PF,Cartão de crédito parcelado,10657.0,103.96,
2013-12,PF,Desconto de cheques,1565.0,50.43,
2013-12,PF,Crédito rural,119642.0,4.89,
2013-12,PF,Financiamento imobiliário,340707.0,8.82,
2013-12,PF,Microcrédito,5371.0,8.75,
2013-12,PJ,Total,1461991.0,15.64,7.33
2013-12,PJ,Desconto de duplicatas e recebíveis,44487.0,24.46,
2013-12,PJ,Capital de giro,362970.0,20.27,
2013-12,PJ,Conta garantida,43036.0,37.46,
2013-12,PJ,Cheque especial,14547.0,148.77,
2013-12,PJ,Aquisição de veículos,20091.0,18.43,
2013-12,PJ,Vendor,7298.0,15.19,
2013-12,PJ,Compror,17222.0,16.55,
2013-12,PJ,Cartão de crédito rotativo,1318.0,219.97,
2013-12,PJ,Cartão de crédito parcelado,1535.0,22.69,
2013-12,PJ,Adiantamento sobre contratos de câmbio (ACC),42479.0,2.92,
2013-12,PJ,Financiamento a importações,5464.0,12.33,
2013-12,PJ,Financiamento a exportações,81854.0,13.51,
2013-12,PJ,Repasse externo,23877.0,11.9,
2013-12,PJ,Crédito rural,69436.0,7.33,
2013-12,PJ,Financiamento imobiliário,53694.0,10.84,
2013-12,PJ,Financiamento com recursos do BNDES,514479.0,6.85,
2014-01,Total,Total,2714427.0,22.84,13.99
2014-01,PF,Total,1264312.0,29.18,19.94
2014-01,PF,Cheque especial,23101.0,134.9,
2014-01,PF,Crédito pessoal não consignado,98737.0,91.17,
2014-01,PF,Crédito pessoal consignado,220353.0,24.93,
2014-01,PF,Aquisição de veículos,193009.0,22.74,
2014-01,PF,Cartão de crédito rotativo,26220.0,282.22,
2014-01,PF,Cartão de crédito parcelado,10883.0,106.45,
2014-01,PF,Desconto de cheques,1537.0,51.55,
2014-01,PF,Crédito rural,120682.0,4.76,
2014-01,PF,Financiamento imobiliário,347394.0,9.52,
2014-01,PF,Microcrédito,5429.0,9.34,
2014-01,PJ,Total,1450115.0,16.52,8.05
2014-01,PJ,Desconto de duplicatas e recebíveis,35330.0,28.98,
2014-01,PJ,Capital de giro,359350.0,21.8,
2014-01,PJ,Conta garantida,43106.0,39.15,
2014-01,PJ,Cheque especial,15469.0,150.93,
2014-01,PJ,Aquisição de veículos,19734.0,19.19,
2014-01,PJ,Vendor,6677.0,16.04,
2014-01,PJ,Compror,14613.0,16.39,
2014-01,PJ,Cartão de crédito rotativo,1347.0,208.7,
2014-01,PJ,Cartão de crédito parcelado,602.0,29.27,
2014-01,PJ,Adiantamento sobre contratos de câmbio (ACC),42103.0,2.87,
2014-01,PJ,Financiamento a importações,5705.0,13.42,
2014-01,PJ,Financiamento a exportações,82317.0,13.48,
2014-01,PJ,Repasse externo,24587.0,15.9,
2014-01,PJ,Crédito rural,69791.0,7.27,
2014-01,PJ,Financiamento imobiliário,54279.0,11.19,
2014-01,PJ,Financiamento com recursos do BNDES,522378.0,7.29,
2014-02,Total,Total,2725695.0,23.38,14.75
2014-02,PF,Total,1269595.0,30.14,21.31
2014-02,PF,Cheque especial,25250.0,137.07,
2014-02,PF,Crédito pessoal não consignado,99375.0,95.26,
2014-02,PF,Crédito pessoal consignado,223939.0,25.13,
2014-02,PF,Aquisição de veículos,191845.0,23.85,
2014-02,PF,Cartão de crédito rotativo,28056.0,292.85,
2014-02,PF,Cartão de crédito parcelado,11115.0,105.83,
2014-02,PF,Desconto de cheques,1576.0,53.7,
2014-02,PF,Crédito rural,122074.0,4.79,
2014-02,PF,Financiamento imobiliário,354727.0,8.74,
2014-02,PF,Microcrédito,5394.0,9.77,
2014-02,PJ,Total,1456101.0,16.62,8.2
2014-02,PJ,Desconto de duplicatas e recebíveis,36346.0,28.14,
2014-02,PJ,Capital de giro,359984.0,22.08,
2014-02,PJ,Conta garantida,44223.0,38.99,
2014-02,PJ,Cheque especial,15926.0,154.09,
2014-02,PJ,Aquisição de veículos,19611.0,19.76,
2014-02,PJ,Vendor,6753.0,16.4,
2014-02,PJ,Compror,15328.0,16.98,
2014-02,PJ,Cartão de crédito rotativo,1441.0,220.21,
2014-02,PJ,Cartão de crédito parcelado,434.0,30.33,
2014-02,PJ,Adiantamento sobre contratos de câmbio (ACC),44031.0,2.53,
2014-02,PJ,Financiamento a importações,5283.0,11.78,
2014-02,PJ,Financiamento a exportações,83064.0,14.12,
2014-02,PJ,Repasse externo,23502.0,14.77,
2014-02,PJ,Crédito rural,70851.0,7.35,
2014-02,PJ,Financiamento imobiliário,54843.0,9.85,
2014-02,PJ,Financiamento com recursos do BNDES,522880.0,7.37,
2014-03,Total,Total,2752309.0,23.53,14.72
2014-03,PF,Total,1280968.0,30.53,21.37
2014-03,PF,Cheque especial,26600.0,139.33,
2014-03,PF,Crédito pessoal não consignado,100199.0,94.09,
2014-03,PF,Crédito pessoal consignado,226063.0,25.33,
2014-03,PF,Aquisição de veículos,189956.0,23.54,
2014-03,PF,Cartão de crédito rotativo,27922.0,290.64,
2014-03,PF,Cartão de crédito parcelado,11284.0,104.77,
2014-03,PF,Desconto de cheques,1534.0,52.92,
2014-03,PF,Crédito rural,124299.0,4.92,
2014-03,PF,Financiamento imobiliário,361344.0,9.79,
2014-03,PF,Microcrédito,5238.0,10.9,
2014-03,PJ,Total,1471341.0,16.53,8.07
2014-03,PJ,Desconto de duplicatas e recebíveis,39786.0,26.53,
2014-03,PJ,Capital de giro,358370.0,22.28,
2014-03,PJ,Conta garantida,45835.0,39.15,
2014-03,PJ,Cheque especial,14997.0,156.08,
2014-03,PJ,Aquisição de veículos,19506.0,19.23,
2014-03,PJ,Vendor,6801.0,17.02,
2014-03,PJ,Compror,16748.0,17.91,
2014-03,PJ,Cartão de crédito rotativo,1469.0,221.16,
2014-03,PJ,Cartão de crédito parcelado,1372.0,18.32,
2014-03,PJ,Adiantamento sobre contratos de câmbio (ACC),45386.0,2.77,
2014-03,PJ,Financiamento a importações,5244.0,12.84,
2014-03,PJ,Financiamento a exportações,84136.0,13.47,
2014-03,PJ,Repasse externo,24637.0,11.97,
2014-03,PJ,Crédito rural,73145.0,7.39,
2014-03,PJ,Financiamento imobiliário,56254.0,10.81,
2014-03,PJ,Financiamento com recursos do BNDES,526809.0,7.09,
2014-04,Total,Total,2771347.0,23.41,14.81
2014-04,PF,Total,1293537.0,30.14,21.3
2014-04,PF,Cheque especial,27187.0,141.43,
2014-04,PF,Crédito pessoal não consignado,101238.0,99.1,
2014-04,PF,Crédito pessoal consignado,228485.0,25.32,
2014-04,PF,Aquisição de veículos,188987.0,22.62,
2014-04,PF,Cartão de crédito rotativo,28539.0,277.44,
2014-04,PF,Cartão de crédito parcelado,11663.0,104.71,
2014-04,PF,Desconto de cheques,1519.0,55.13,
2014-04,PF,Crédito rural,127390.0,4.95,
2014-04,PF,Financiamento imobiliário,368630.0,9.19,
2014-04,PF,Microcrédito,5149.0,16.24,
2014-04,PJ,Total,1477809.0,16.68,8.31
2014-04,PJ,Desconto de duplicatas e recebíveis,36930.0,29.07,
2014-04,PJ,Capital de giro,361839.0,21.73,
2014-04,PJ,Conta garantida,45406.0,40.03,
2014-04,PJ,Cheque especial,15354.0,156.31,
2014-04,PJ,Aquisição de veículos,19264.0,19.38,
2014-04,PJ,Vendor,6503.0,17.99,
2014-04,PJ,Compror,16039.0,17.98,
2014-04,PJ,Cartão de crédito rotativo,1537.0,224.05,
2014-04,PJ,Cartão de crédito parcelado,844.0,27.59,
2014-04,PJ,Adiantamento sobre contratos de câmbio (ACC),46965.0,2.69,
2014-04,PJ,Financiamento a importações,5201.0,13.0,
2014-04,PJ,Financiamento a exportações,84306.0,14.2,
2014-04,PJ,Repasse externo,24984.0,11.53,
2014-04,PJ,Crédito rural,73695.0,7.31,
2014-04,PJ,Financiamento imobiliário,57623.0,10.88,
2014-04,PJ,Financiamento com recursos do BNDES,530686.0,7.7,
2014-05,Total,Total,2798043.0,23.59,14.95
2014-05,PF,Total,1310538.0,30.34,21.44
2014-05,PF,Cheque especial,26936.0,147.68,
2014-05,PF,Crédito pessoal não consignado,102202.0,97.43,
2014-05,PF,Crédito pessoal consignado,231394.0,25.58,
2014-05,PF,Aquisição de veículos,188062.0,22.99,
2014-05,PF,Cartão de crédito rotativo,28258.0,280.27,
2014-05,PF,Cartão de crédito parcelado,11879.0,105.92,
2014-05,PF,Desconto de cheques,1543.0,50.99,
2014-05,PF,Crédito rural,130579.0,5.01,
2014-05,PF,Financiamento imobiliário,377971.0,9.53,
2014-05,PF,Microcrédito,5277.0,15.07,
2014-05,PJ,Total,1487506.0,16.81,8.43
2014-05,PJ,Desconto de duplicatas e recebíveis,37871.0,28.01,
2014-05,PJ,Capital de giro,365015.0,21.32,
2014-05,PJ,Conta garantida,44762.0,41.63,
2014-05,PJ,Cheque especial,14943.0,165.21,
2014-05,PJ,Aquisição de veículos,19229.0,19.1,
2014-05,PJ,Vendor,5834.0,16.93,
2014-05,PJ,Compror,16059.0,17.86,
2014-05,PJ,Cartão de crédito rotativo,1550.0,210.9,
2014-05,PJ,Cartão de crédito parcelado,557.0,30.14,
2014-05,PJ,Adiantamento sobre contratos de câmbio (ACC),48902.0,2.65,
2014-05,PJ,Financiamento a importações,4960.0,14.05,
2014-05,PJ,Financiamento a exportações,86196.0,13.83,
2014-05,PJ,Repasse externo,24794.0,15.79,
2014-05,PJ,Crédito rural,74593.0,7.63,
2014-05,PJ,Financiamento imobiliário,59442.0,11.03,
2014-05,PJ,Financiamento com recursos do BNDES,531136.0,7.82,
2014-06,Total,Total,2824658.0,23.47,15.03
2014-06,PF,Total,1324093.0,30.5,21.85
2014-06,PF,Cheque especial,27676.0,150.48,
2014-06,PF,Crédito pessoal não consignado,102499.0,100.19,
2014-06,PF,Crédito pessoal consignado,234319.0,25.62,
2014-06,PF,Aquisição de veículos,186543.0,23.02,
2014-06,PF,Cartão de crédito rotativo,29475.0,286.08,
2014-06,PF,Cartão de crédito parcelado,11956.0,106.09,
2014-06,PF,Desconto de cheques,1599.0,49.42,
2014-06,PF,Crédito rural,133552.0,5.05,
2014-06,PF,Financiamento imobiliário,386395.0,9.23,
2014-06,PF,Microcrédito,5434.0,15.14,
2014-06,PJ,Total,1500565.0,16.37,8.15
2014-06,PJ,Desconto de duplicatas e recebíveis,40765.0,27.45,
2014-06,PJ,Capital de giro,364116.0,21.29,
2014-06,PJ,Conta garantida,45696.0,40.8,
2014-06,PJ,Cheque especial,15489.0,168.7,
2014-06,PJ,Aquisição de veículos,19106.0,19.15,
2014-06,PJ,Vendor,5617.0,16.3,
2014-06,PJ,Compror,16000.0,18.26,
2014-06,PJ,Cartão de crédito rotativo,1690.0,212.6,
2014-06,PJ,Cartão de crédito parcelado,1496.0,20.73,
2014-06,PJ,Adiantamento sobre contratos de câmbio (ACC),51259.0,3.25,
2014-06,PJ,Financiamento a importações,4758.0,13.12,
2014-06,PJ,Financiamento a exportações,88825.0,13.25,
2014-06,PJ,Repasse externo,24606.0,14.63,
2014-06,PJ,Crédito rural,73905.0,7.6,
2014-06,PJ,Financiamento imobiliário,60775.0,11.19,
2014-06,PJ,Financiamento com recursos do BNDES,534276.0,7.05,
2014-07,Total,Total,2830870.0,23.7,15.3
2014-07,PF,Total,1332357.0,30.66,21.98
2014-07,PF,Cheque especial,26794.0,152.44,
2014-07,PF,Crédito pessoal não consignado,102401.0,101.29,
2014-07,PF,Crédito pessoal consignado,237116.0,25.92,
2014-07,PF,Aquisição de veículos,185282.0,23.14,
2014-07,PF,Cartão de crédito rotativo,28575.0,285.81,
2014-07,PF,Cartão de crédito parcelado,12100.0,105.56,
2014-07,PF,Desconto de cheques,1557.0,51.0,
2014-07,PF,Crédito rural,131895.0,5.63,
2014-07,PF,Financiamento imobiliário,395295.0,9.7,
2014-07,PF,Microcrédito,5489.0,14.74,
2014-07,PJ,Total,1498512.0,16.66,8.56
2014-07,PJ,Desconto de duplicatas e recebíveis,36759.0,29.3,
2014-07,PJ,Capital de giro,364819.0,22.03,
2014-07,PJ,Conta garantida,44290.0,40.79,
2014-07,PJ,Cheque especial,14694.0,167.79,
2014-07,PJ,Aquisição de veículos,18861.0,19.88,
2014-07,PJ,Vendor,5320.0,17.27,
2014-07,PJ,Compror,14313.0,18.0,
2014-07,PJ,Cartão de crédito rotativo,1629.0,210.66,
2014-07,PJ,Cartão de crédito parcelado,1109.0,27.95,
2014-07,PJ,Adiantamento sobre contratos de câmbio (ACC),52257.0,2.79,
2014-07,PJ,Financiamento a importações,5025.0,13.52,
2014-07,PJ,Financiamento a exportações,87419.0,13.8,
2014-07,PJ,Repasse externo,26283.0,11.33,
2014-07,PJ,Crédito rural,74393.0,8.28,
2014-07,PJ,Financiamento imobiliário,61605.0,11.27,
2014-07,PJ,Financiamento com recursos do BNDES,540550.0,7.25,
2014-08,Total,Total,2857749.0,23.61,15.18
2014-08,PF,Total,1347426.0,30.67,21.98
2014-08,PF,Cheque especial,26542.0,153.24,
2014-08,PF,Crédito pessoal não consignado,103032.0,100.17,
2014-08,PF,Crédito pessoal consignado,239480.0,25.91,
2014-08,PF,Aquisição de veículos,184581.0,23.23,
2014-08,PF,Cartão de crédito rotativo,28660.0,293.26,
2014-08,PF,Cartão de crédito parcelado,12243.0,106.68,
2014-08,PF,Desconto de cheques,1573.0,51.14,
2014-08,PF,Crédito rural,135209.0,5.62,
2014-08,PF,Financiamento imobiliário,403780.0,9.59,
2014-08,PF,Microcrédito,5586.0,13.51,
2014-08,PJ,Total,1510323.0,16.43,8.27
2014-08,PJ,Desconto de duplicatas e recebíveis,37297.0,29.29,
2014-08,PJ,Capital de giro,366297.0,21.62,
2014-08,PJ,Conta garantida,45262.0,40.82,
2014-08,PJ,Cheque especial,14603.0,166.77,
2014-08,PJ,Aquisição de veículos,18875.0,19.31,
2014-08,PJ,Vendor,5142.0,16.82,
2014-08,PJ,Compror,14525.0,18.17,
2014-08,PJ,Cartão de crédito rotativo,1640.0,210.93,
2014-08,PJ,Cartão de crédito parcelado,1213.0,22.57,
2014-08,PJ,Adiantamento sobre contratos de câmbio (ACC),52156.0,2.71,
2014-08,PJ,Financiamento a importações,4863.0,13.7,
2014-08,PJ,Financiamento a exportações,87741.0,13.92,
2014-08,PJ,Repasse externo,25832.0,14.58,
2014-08,PJ,Crédito rural,74645.0,8.1,
2014-08,PJ,Financiamento imobiliário,62635.0,10.89,
2014-08,PJ,Financiamento com recursos do BNDES,546221.0,7.25,
2014-09,Total,Total,2896550.0,23.26,14.84
2014-09,PF,Total,1360278.0,29.95,21.31
2014-09,PF,Cheque especial,27038.0,159.8,
2014-09,PF,Crédito pessoal não consignado,103502.0,96.18,
2014-09,PF,Crédito pessoal consignado,240893.0,25.96,
2014-09,PF,Aquisição de veículos,183918.0,22.78,
2014-09,PF,Cartão de crédito rotativo,29244.0,284.51,
2014-09,PF,Cartão de crédito parcelado,12137.0,107.57,
2014-09,PF,Desconto de cheques,1544.0,50.41,
2014-09,PF,Crédito rural,138186.0,5.41,
2014-09,PF,Financiamento imobiliário,410128.0,9.45,
2014-09,PF,Microcrédito,5438.0,13.57,
2014-09,PJ,Total,1536273.0,16.46,8.26
2014-09,PJ,Desconto de duplicatas e recebíveis,40635.0,27.55,
2014-09,PJ,Capital de giro,365719.0,21.63,
2014-09,PJ,Conta garantida,44639.0,41.04,
2014-09,PJ,Cheque especial,14451.0,174.82,
2014-09,PJ,Aquisição de veículos,18814.0,19.74,
2014-09,PJ,Vendor,5646.0,16.14,
2014-09,PJ,Compror,14984.0,17.73,
2014-09,PJ,Cartão de crédito rotativo,1676.0,210.01,
2014-09,PJ,Cartão de crédito parcelado,1166.0,25.45,
2014-09,PJ,Adiantamento sobre contratos de câmbio (ACC),49890.0,2.87,
2014-09,PJ,Financiamento a importações,5259.0,15.64,
2014-09,PJ,Financiamento a exportações,88875.0,13.82,
2014-09,PJ,Repasse externo,28236.0,12.04,
2014-09,PJ,Crédito rural,75586.0,7.84,
2014-09,PJ,Financiamento imobiliário,63262.0,11.16,
2014-09,PJ,Financiamento com recursos do BNDES,558897.0,7.56,
2014-10,Total,Total,2919585.0,23.79,15.18
2014-10,PF,Total,1377654.0,30.75,21.95
2014-10,PF,Cheque especial,26870.0,163.17,
2014-10,PF,Crédito pessoal não consignado,103876.0,103.4,
2014-10,PF,Crédito pessoal consignado,245380.0,25.58,
2014-10,PF,Aquisição de veículos,183601.0,23.04,
2014-10,PF,Cartão de crédito rotativo,29458.0,300.66,
2014-10,PF,Cartão de crédito parcelado,11881.0,106.85,
2014-10,PF,Desconto de cheques,1528.0,50.86,
2014-10,PF,Crédito rural,139825.0,5.41,
2014-10,PF,Financiamento imobiliário,419472.0,9.45,
2014-10,PF,Microcrédito,5399.0,13.68,
2014-10,PJ,Total,1541931.0,16.67,8.26
2014-10,PJ,Desconto de duplicatas e recebíveis,39052.0,28.75,
2014-10,PJ,Capital de giro,366855.0,22.09,
2014-10,PJ,Conta garantida,44204.0,40.96,
2014-10,PJ,Cheque especial,14034.0,179.36,
2014-10,PJ,Aquisição de veículos,19062.0,19.35,
2014-10,PJ,Vendor,6230.0,16.14,
2014-10,PJ,Compror,15204.0,18.13,
2014-10,PJ,Cartão de crédito rotativo,1682.0,214.59,
2014-10,PJ,Cartão de crédito parcelado,506.0,33.74,
2014-10,PJ,Adiantamento sobre contratos de câmbio (ACC),51916.0,2.54,
2014-10,PJ,Financiamento a importações,5199.0,13.87,
2014-10,PJ,Financiamento a exportações,88583.0,14.68,
2014-10,PJ,Repasse externo,27464.0,15.6,
2014-10,PJ,Crédito rural,73840.0,7.87,
2014-10,PJ,Financiamento imobiliário,64393.0,11.08,
2014-10,PJ,Financiamento com recursos do BNDES,566061.0,7.13,
2014-11,Total,Total,2956788.0,23.87,15.14
2014-11,PF,Total,1389826.0,30.87,21.97
2014-11,PF,Cheque especial,25877.0,166.31,
2014-11,PF,Crédito pessoal não consignado,103660.0,103.58,
2014-11,PF,Crédito pessoal consignado,247231.0,25.8,
2014-11,PF,Aquisição de veículos,183564.0,22.67,
2014-11,PF,Cartão de crédito rotativo,29662.0,312.83,
2014-11,PF,Cartão de crédito parcelado,11798.0,106.99,
2014-11,PF,Desconto de cheques,1554.0,51.26,
2014-11,PF,Crédito rural,142221.0,5.32,
2014-11,PF,Financiamento imobiliário,427842.0,9.27,
2014-11,PF,Microcrédito,5458.0,14.45,
2014-11,PJ,Total,1566963.0,16.66,8.11
2014-11,PJ,Desconto de duplicatas e recebíveis,41300.0,28.66,
2014-11,PJ,Capital de giro,371636.0,22.37,
2014-11,PJ,Conta garantida,45392.0,40.53,
2014-11,PJ,Cheque especial,14578.0,181.61,
2014-11,PJ,Aquisição de veículos,18832.0,20.12,
2014-11,PJ,Vendor,6601.0,16.52,
2014-11,PJ,Compror,16057.0,18.7,
2014-11,PJ,Cartão de crédito rotativo,1769.0,213.07,
2014-11,PJ,Cartão de crédito parcelado,534.0,31.99,
2014-11,PJ,Adiantamento sobre contratos de câmbio (ACC),52142.0,2.91,
2014-11,PJ,Financiamento a importações,5480.0,15.19,
2014-11,PJ,Financiamento a exportações,87275.0,14.02,
2014-11,PJ,Repasse externo,28618.0,14.11,
2014-11,PJ,Crédito rural,73683.0,7.74,
2014-11,PJ,Financiamento imobiliário,65144.0,10.77,
2014-11,PJ,Financiamento com recursos do BNDES,574272.0,7.24,
2014-12,Total,Total,3017614.0,23.39,14.64
2014-12,PF,Total,1415242.0,30.02,21.18
2014-12,PF,Cheque especial,24578.0,174.61,
2014-12,PF,Crédito pessoal não consignado,102599.0,101.94,
2014-12,PF,Crédito pessoal consignado,249435.0,25.98,
2014-12,PF,Aquisição de veículos,184141.0,22.34,
2014-12,PF,Cartão de crédito rotativo,28510.0,320.55,
2014-12,PF,Cartão de crédito parcelado,11782.0,104.11,
2014-12,PF,Desconto de cheques,1498.0,54.28,
2014-12,PF,Crédito rural,146147.0,5.54,
2014-12,PF,Financiamento imobiliário,437006.0,8.96,
2014-12,PF,Microcrédito,5569.0,12.0,
2014-12,PJ,Total,1602371.0,16.6,7.95
2014-12,PJ,Desconto de duplicatas e recebíveis,48917.0,28.54,
2014-12,PJ,Capital de giro,375976.0,22.02,
2014-12,PJ,Conta garantida,44056.0,40.85,
2014-12,PJ,Cheque especial,13643.0,189.34,
2014-12,PJ,Aquisição de veículos,18784.0,19.56,
2014-12,PJ,Vendor,7208.0,16.43,
2014-12,PJ,Compror,16649.0,18.12,
2014-12,PJ,Cartão de crédito rotativo,1774.0,210.81,
2014-12,PJ,Cartão de crédito parcelado,1081.0,25.88,
2014-12,PJ,Adiantamento sobre contratos de câmbio (ACC),52540.0,2.65,
2014-12,PJ,Financiamento a importações,5684.0,14.9,
2014-12,PJ,Financiamento a exportações,86559.0,14.4,
2014-12,PJ,Repasse externo,29204.0,14.1,
2014-12,PJ,Crédito rural,74128.0,7.77,
2014-12,PJ,Financiamento imobiliário,66200.0,10.65,
2014-12,PJ,Financiamento com recursos do BNDES,595221.0,7.18,
2015-01,Total,Total,3021728.0,24.6,15.7
2015-01,PF,Total,1429389.0,31.39,22.42
2015-01,PF,Cheque especial,26535.0,181.34,
2015-01,PF,Crédito pessoal não consignado,103564.0,107.47,
2015-01,PF,Crédito pessoal consignado,251451.0,26.52,
2015-01,PF,Aquisição de veículos,183827.0,23.84,
2015-01,PF,Cartão de crédito rotativo,29636.0,326.74,
2015-01,PF,Cartão de crédito parcelado,11926.0,106.34,
2015-01,PF,Desconto de cheques,1502.0,54.7,
2015-01,PF,Crédito rural,146164.0,5.34,
2015-01,PF,Financiamento imobiliário,445173.0,9.37,
2015-01,PF,Microcrédito,5481.0,17.4,
2015-01,PJ,Total,1592340.0,17.54,8.71
2015-01,PJ,Desconto de duplicatas e recebíveis,39233.0,30.69,
2015-01,PJ,Capital de giro,375348.0,23.0,
2015-01,PJ,Conta garantida,44017.0,43.08,
2015-01,PJ,Cheque especial,15125.0,197.96,
2015-01,PJ,Aquisição de veículos,18534.0,20.55,
2015-01,PJ,Vendor,6668.0,16.56,
2015-01,PJ,Compror,14039.0,18.9,
2015-01,PJ,Cartão de crédito rotativo,1857.0,207.81,
2015-01,PJ,Cartão de crédito parcelado,508.0,35.46,
2015-01,PJ,Adiantamento sobre contratos de câmbio (ACC),55473.0,2.08,
2015-01,PJ,Financiamento a importações,5631.0,13.07,
2015-01,PJ,Financiamento a exportações,87350.0,14.46,
2015-01,PJ,Repasse externo,29185.0,14.67,
2015-01,PJ,Crédito rural,73562.0,8.65,
2015-01,PJ,Financiamento imobiliário,66357.0,10.97,
2015-01,PJ,Financiamento com recursos do BNDES,594522.0,8.13,
2015-02,Total,Total,3033738.0,25.32,16.28
2015-02,PF,Total,1433032.0,32.23,23.23
2015-02,PF,Cheque especial,26849.0,185.97,
2015-02,PF,Crédito pessoal não consignado,104265.0,108.06,
2015-02,PF,Crédito pessoal consignado,254138.0,26.89,
2015-02,PF,Aquisição de veículos,181852.0,24.76,
2015-02,PF,Cartão de crédito rotativo,31717.0,333.69,
2015-02,PF,Cartão de crédito parcelado,12099.0,112.07,
2015-02,PF,Desconto de cheques,1490.0,57.67,
2015-02,PF,Crédito rural,146897.0,5.37,
2015-02,PF,Financiamento imobiliário,450448.0,8.83,
2015-02,PF,Microcrédito,5345.0,18.81,
2015-02,PJ,Total,1600706.0,18.13,9.05
2015-02,PJ,Desconto de duplicatas e recebíveis,38764.0,31.93,
2015-02,PJ,Capital de giro,373640.0,23.66,
2015-02,PJ,Conta garantida,45202.0,43.35,
2015-02,PJ,Cheque especial,15787.0,201.16,
2015-02,PJ,Aquisição de veículos,18272.0,21.03,
2015-02,PJ,Vendor,6295.0,16.88,
2015-02,PJ,Compror,14353.0,20.37,
2015-02,PJ,Cartão de crédito rotativo,2002.0,204.98,
2015-02,PJ,Cartão de crédito parcelado,736.0,27.02,
2015-02,PJ,Adiantamento sobre contratos de câmbio (ACC),55377.0,2.76,
2015-02,PJ,Financiamento a importações,6186.0,16.24,
2015-02,PJ,Financiamento a exportações,88549.0,14.54,
2015-02,PJ,Repasse externo,31404.0,16.63,
2015-02,PJ,Crédito rural,71859.0,8.57,
2015-02,PJ,Financiamento imobiliário,67318.0,10.17,
2015-02,PJ,Financiamento com recursos do BNDES,599281.0,8.54,
2015-03,Total,Total,3070866.0,25.51,16.03
2015-03,PF,Total,1444396.0,32.51,22.91
2015-03,PF,Cheque especial,27284.0,191.29,
2015-03,PF,Crédito pessoal não consignado,105072.0,104.56,
2015-03,PF,Crédito pessoal consignado,257109.0,26.91,
2015-03,PF,Aquisição de veículos,179642.0,24.67,
2015-03,PF,Cartão de crédito rotativo,30646.0,335.58,
2015-03,PF,Cartão de crédito parcelado,12315.0,111.48,
2015-03,PF,Desconto de cheques,1432.0,59.77,
2015-03,PF,Crédito rural,147550.0,5.46,
2015-03,PF,Financiamento imobiliário,457699.0,9.85,
2015-03,PF,Microcrédito,5153.0,22.24,
2015-03,PJ,Total,1626469.0,18.2,8.85
2015-03,PJ,Desconto de duplicatas e recebíveis,42620.0,30.69,
2015-03,PJ,Capital de giro,370713.0,23.8,
2015-03,PJ,Conta garantida,44863.0,46.4,
2015-03,PJ,Cheque especial,15512.0,203.88,
2015-03,PJ,Aquisição de veículos,18038.0,20.85,
2015-03,PJ,Vendor,6222.0,17.1,
2015-03,PJ,Compror,14699.0,20.19,
2015-03,PJ,Cartão de crédito rotativo,1923.0,211.57,
2015-03,PJ,Cartão de crédito parcelado,1362.0,30.15,
2015-03,PJ,Adiantamento sobre contratos de câmbio (ACC),55368.0,2.78,
2015-03,PJ,Financiamento a importações,6658.0,15.69,
2015-03,PJ,Financiamento a exportações,89763.0,15.68,
2015-03,PJ,Repasse externo,35683.0,14.32,
2015-03,PJ,Crédito rural,71493.0,7.99,
2015-03,PJ,Financiamento imobiliário,67577.0,11.37,
2015-03,PJ,Financiamento com recursos do BNDES,612457.0,8.04,
2015-04,Total,Total,3070369.0,26.13,16.75
2015-04,PF,Total,1451934.0,33.25,23.86
2015-04,PF,Cheque especial,27528.0,196.5,
2015-04,PF,Crédito pessoal não consignado,106123.0,113.11,
2015-04,PF,Crédito pessoal consignado,259314.0,27.07,
2015-04,PF,Aquisição de veículos,177576.0,24.55,
2015-04,PF,Cartão de crédito rotativo,31593.0,335.99,
2015-04,PF,Cartão de crédito parcelado,12417.0,114.52,
2015-04,PF,Desconto de cheques,1420.0,59.77,
2015-04,PF,Crédito rural,147644.0,5.73,
2015-04,PF,Financiamento imobiliário,465745.0,9.77,
2015-04,PF,Microcrédito,4977.0,22.53,
2015-04,PJ,Total,1618435.0,18.64,9.27
2015-04,PJ,Desconto de duplicatas e recebíveis,39549.0,32.49,
2015-04,PJ,Capital de giro,370928.0,23.93,
2015-04,PJ,Conta garantida,46217.0,45.89,
2015-04,PJ,Cheque especial,16154.0,207.01,
2015-04,PJ,Aquisição de veículos,17897.0,21.01,
2015-04,PJ,Vendor,5920.0,17.95,
2015-04,PJ,Compror,14145.0,21.38,
2015-04,PJ,Cartão de crédito rotativo,1977.0,214.38,
2015-04,PJ,Cartão de crédito parcelado,667.0,35.63,
2015-04,PJ,Adiantamento sobre contratos de câmbio (ACC),60216.0,2.57,
2015-04,PJ,Financiamento a importações,5933.0,10.74,
2015-04,PJ,Financiamento a exportações,88636.0,15.92,
2015-04,PJ,Repasse externo,32955.0,14.92,
2015-04,PJ,Crédito rural,74676.0,8.34,
2015-04,PJ,Financiamento imobiliário,68016.0,11.09,
2015-04,PJ,Financiamento com recursos do BNDES,605423.0,8.76,
2015-05,Total,Total,3091432.0,26.74,17.06
2015-05,PF,Total,1460513.0,34.19,24.43
2015-05,PF,Cheque especial,27083.0,202.34,
2015-05,PF,Crédito pessoal não consignado,106832.0,112.01,
2015-05,PF,Crédito pessoal consignado,261364.0,27.36,
2015-05,PF,Aquisição de veículos,175475.0,24.81,
2015-05,PF,Cartão de crédito rotativo,32345.0,355.11,
2015-05,PF,Cartão de crédito parcelado,12376.0,115.85,
2015-05,PF,Desconto de cheques,1448.0,58.69,
2015-05,PF,Crédito rural,148362.0,5.96,
2015-05,PF,Financiamento imobiliário,470953.0,10.14,
2015-05,PF,Microcrédito,4927.0,21.98,
2015-05,PJ,Total,1630919.0,18.85,9.26
2015-05,PJ,Desconto de duplicatas e recebíveis,40392.0,31.97,
2015-05,PJ,Capital de giro,371777.0,24.09,
2015-05,PJ,Conta garantida,45089.0,45.64,
2015-05,PJ,Cheque especial,15900.0,210.96,
2015-05,PJ,Aquisição de veículos,17713.0,21.5,
2015-05,PJ,Vendor,5401.0,18.47,
2015-05,PJ,Compror,13866.0,21.41,
2015-05,PJ,Cartão de crédito rotativo,2077.0,221.53,
2015-05,PJ,Cartão de crédito parcelado,592.0,34.38,
2015-05,PJ,Adiantamento sobre contratos de câmbio (ACC),62562.0,2.5,
2015-05,PJ,Financiamento a importações,6092.0,18.09,
2015-05,PJ,Financiamento a exportações,88431.0,15.71,
2015-05,PJ,Repasse externo,34682.0,16.19,
2015-05,PJ,Crédito rural,73190.0,8.44,
2015-05,PJ,Financiamento imobiliário,68019.0,11.79,
2015-05,PJ,Financiamento com recursos do BNDES,611299.0,8.9,
2015-06,Total,Total,3108995.0,27.25,17.44
2015-06,PF,Total,1468594.0,34.88,24.94
2015-06,PF,Cheque especial,27683.0,209.69,
2015-06,PF,Crédito pessoal não consignado,107274.0,112.56,
2015-06,PF,Crédito pessoal consignado,263868.0,27.41,
2015-06,PF,Aquisição de veículos,172941.0,24.71,
2015-06,PF,Cartão de crédito rotativo,31949.0,376.25,
2015-06,PF,Cartão de crédito parcelado,12719.0,119.6,
2015-06,PF,Desconto de cheques,1440.0,56.87,
2015-06,PF,Crédito rural,148630.0,5.87,
2015-06,PF,Financiamento imobiliário,476358.0,10.46,
2015-06,PF,Microcrédito,4899.0,23.81,
2015-06,PJ,Total,1640401.0,19.19,9.52
2015-06,PJ,Desconto de duplicatas e recebíveis,45808.0,31.96,
2015-06,PJ,Capital de giro,370716.0,24.78,
2015-06,PJ,Conta garantida,45137.0,46.19,
2015-06,PJ,Cheque especial,16184.0,216.65,
2015-06,PJ,Aquisição de veículos,17458.0,20.79,
2015-06,PJ,Vendor,5075.0,18.69,
2015-06,PJ,Compror,14647.0,21.84,
2015-06,PJ,Cartão de crédito rotativo,2058.0,228.96,
2015-06,PJ,Cartão de crédito parcelado,1070.0,28.22,
2015-06,PJ,Adiantamento sobre contratos de câmbio (ACC),63315.0,2.94,
2015-06,PJ,Financiamento a importações,5699.0,15.48,
2015-06,PJ,Financiamento a exportações,91717.0,15.66,
2015-06,PJ,Repasse externo,33458.0,17.28,
2015-06,PJ,Crédito rural,72749.0,8.18,
2015-06,PJ,Financiamento imobiliário,68860.0,12.28,
2015-06,PJ,Financiamento com recursos do BNDES,609755.0,8.96,
2015-07,Total,Total,3118097.0,28.05,18.06
2015-07,PF,Total,1474065.0,35.82,25.74
2015-07,PF,Cheque especial,27039.0,213.84,
2015-07,PF,Crédito pessoal não consignado,107344.0,115.8,
2015-07,PF,Crédito pessoal consignado,265979.0,27.9,
2015-07,PF,Aquisição de veículos,171005.0,24.5,
2015-07,PF,Cartão de crédito rotativo,31959.0,398.09,
2015-07,PF,Cartão de crédito parcelado,12760.0,120.65,
2015-07,PF,Desconto de cheques,1430.0,55.8,
2015-07,PF,Crédito rural,145536.0,8.07,
2015-07,PF,Financiamento imobiliário,482225.0,10.78,
2015-07,PF,Microcrédito,4971.0,27.03,
2015-07,PJ,Total,1644031.0,19.74,9.84
2015-07,PJ,Desconto de duplicatas e recebíveis,40281.0,34.1,
2015-07,PJ,Capital de giro,367729.0,25.4,
2015-07,PJ,Conta garantida,44071.0,46.48,
2015-07,PJ,Cheque especial,15620.0,223.46,
2015-07,PJ,Aquisição de veículos,17275.0,21.05,
2015-07,PJ,Vendor,4882.0,19.11,
2015-07,PJ,Compror,14109.0,22.34,
2015-07,PJ,Cartão de crédito rotativo,2056.0,245.95,
2015-07,PJ,Cartão de crédito parcelado,892.0,37.75,
2015-07,PJ,Adiantamento sobre contratos de câmbio (ACC),64922.0,2.72,
2015-07,PJ,Financiamento a importações,6085.0,16.89,
2015-07,PJ,Financiamento a exportações,93678.0,16.02,
2015-07,PJ,Repasse externo,36259.0,15.14,
2015-07,PJ,Crédito rural,71808.0,10.05,
2015-07,PJ,Financiamento imobiliário,69755.0,12.47,
2015-07,PJ,Financiamento com recursos do BNDES,615118.0,9.44,
2015-08,Total,Total,3142924.0,28.56,18.33
2015-08,PF,Total,1485288.0,36.37,26.06
2015-08,PF,Cheque especial,27725.0,218.92,
2015-08,PF,Crédito pessoal não consignado,107916.0,119.85,
2015-08,PF,Crédito pessoal consignado,267753.0,27.91,
2015-08,PF,Aquisição de veículos,168621.0,24.79,
2015-08,PF,Cartão de crédito rotativo,32381.0,401.41,
2015-08,PF,Cartão de crédito parcelado,12668.0,129.16,
2015-08,PF,Desconto de cheques,1436.0,56.6,
2015-08,PF,Crédito rural,148881.0,8.19,
2015-08,PF,Financiamento imobiliário,487490.0,10.54,
2015-08,PF,Microcrédito,5046.0,29.5,
2015-08,PJ,Total,1657637.0,20.18,10.04
2015-08,PJ,Desconto de duplicatas e recebíveis,40951.0,32.97,
2015-08,PJ,Capital de giro,365066.0,26.56,
2015-08,PJ,Conta garantida,43716.0,47.21,
2015-08,PJ,Cheque especial,15829.0,231.38,
2015-08,PJ,Aquisição de veículos,17153.0,21.24,
2015-08,PJ,Vendor,4692.0,18.78,
2015-08,PJ,Compror,14649.0,22.66,
2015-08,PJ,Cartão de crédito rotativo,2123.0,250.2,
2015-08,PJ,Cartão de crédito parcelado,639.0,40.93,
2015-08,PJ,Adiantamento sobre contratos de câmbio (ACC),64701.0,2.87,
2015-08,PJ,Financiamento a importações,6278.0,18.2,
2015-08,PJ,Financiamento a exportações,96343.0,15.64,
2015-08,PJ,Repasse externo,39132.0,16.46,
2015-08,PJ,Crédito rural,73346.0,10.45,
2015-08,PJ,Financiamento imobiliário,70316.0,12.58,
2015-08,PJ,Financiamento com recursos do BNDES,621404.0,9.69,
2015-09,Total,Total,3172985.0,29.07,18.22
2015-09,PF,Total,1491765.0,36.86,25.94
2015-09,PF,Cheque especial,27531.0,228.91,
2015-09,PF,Crédito pessoal não consignado,108371.0,118.17,
2015-09,PF,Crédito pessoal consignado,269518.0,27.67,
2015-09,PF,Aquisição de veículos,166845.0,25.57,
2015-09,PF,Cartão de crédito rotativo,33153.0,414.97,
2015-09,PF,Cartão de crédito parcelado,12528.0,129.03,
2015-09,PF,Desconto de cheques,1403.0,55.35,
2015-09,PF,Crédito rural,150369.0,8.13,
2015-09,PF,Financiamento imobiliário,491917.0,10.42,
2015-09,PF,Microcrédito,4972.0,28.99,
2015-09,PJ,Total,1681220.0,20.73,9.96
2015-09,PJ,Desconto de duplicatas e recebíveis,46187.0,32.05,
2015-09,PJ,Capital de giro,363144.0,28.29,
2015-09,PJ,Conta garantida,42073.0,48.49,
2015-09,PJ,Cheque especial,15825.0,243.09,
2015-09,PJ,Aquisição de veículos,16996.0,21.34,
2015-09,PJ,Vendor,4791.0,18.69,
2015-09,PJ,Compror,14862.0,22.95,
2015-09,PJ,Cartão de crédito rotativo,2146.0,277.5,
2015-09,PJ,Cartão de crédito parcelado,1117.0,26.51,
2015-09,PJ,Adiantamento sobre contratos de câmbio (ACC),65947.0,2.95,
2015-09,PJ,Financiamento a importações,6260.0,18.9,
2015-09,PJ,Financiamento a exportações,96565.0,17.56,
2015-09,PJ,Repasse externo,42586.0,14.08,
2015-09,PJ,Crédito rural,78653.0,10.28,
2015-09,PJ,Financiamento imobiliário,71071.0,12.12,
2015-09,PJ,Financiamento com recursos do BNDES,626564.0,9.31,
2015-10,Total,Total,3165658.0,29.86,18.84
2015-10,PF,Total,1495315.0,37.91,26.86
2015-10,PF,Cheque especial,27568.0,241.5,
2015-10,PF,Crédito pessoal não consignado,108243.0,129.19,
2015-10,PF,Crédito pessoal consignado,269773.0,28.14,
2015-10,PF,Aquisição de veículos,164938.0,25.89,
2015-10,PF,Cartão de crédito rotativo,34056.0,399.97,
2015-10,PF,Cartão de crédito parcelado,12268.0,131.31,
2015-10,PF,Desconto de cheques,1397.0,55.12,
2015-10,PF,Crédito rural,149758.0,8.35,
2015-10,PF,Financiamento imobiliário,496447.0,10.49,
2015-10,PF,Microcrédito,4813.0,28.37,
2015-10,PJ,Total,1670343.0,21.18,10.18
2015-10,PJ,Desconto de duplicatas e recebíveis,43793.0,32.5,
2015-10,PJ,Capital de giro,360787.0,27.82,
2015-10,PJ,Conta garantida,42160.0,49.33,
2015-10,PJ,Cheque especial,15919.0,259.13,
2015-10,PJ,Aquisição de veículos,16838.0,21.83,
2015-10,PJ,Vendor,4938.0,19.38,
2015-10,PJ,Compror,14165.0,23.04,
2015-10,PJ,Cartão de crédito rotativo,2211.0,283.64,
2015-10,PJ,Cartão de crédito parcelado,965.0,35.19,
2015-10,PJ,Adiantamento sobre contratos de câmbio (ACC),65775.0,2.86,
2015-10,PJ,Financiamento a importações,5617.0,16.11,
2015-10,PJ,Financiamento a exportações,97143.0,16.96,
2015-10,PJ,Repasse externo,40747.0,16.66,
2015-10,PJ,Crédito rural,78176.0,10.51,
2015-10,PJ,Financiamento imobiliário,71548.0,12.12,
2015-10,PJ,Financiamento com recursos do BNDES,623274.0,10.05,
2015-11,Total,Total,3185470.0,30.13,19.09
2015-11,PF,Total,1506927.0,38.26,27.15
2015-11,PF,Cheque especial,27254.0,247.79,
2015-11,PF,Crédito pessoal não consignado,108331.0,120.39,
2015-11,PF,Crédito pessoal consignado,270893.0,28.53,
2015-11,PF,Aquisição de veículos,163073.0,26.18,
2015-11,PF,Cartão de crédito rotativo,35838.0,422.49,
2015-11,PF,Cartão de crédito parcelado,11965.0,134.84,
2015-11,PF,Desconto de cheques,1393.0,53.92,
2015-11,PF,Crédito rural,151188.0,8.31,
2015-11,PF,Financiamento imobiliário,500687.0,10.59,
2015-11,PF,Microcrédito,4852.0,28.84,
2015-11,PJ,Total,1678542.0,21.29,10.33
2015-11,PJ,Desconto de duplicatas e recebíveis,46449.0,32.71,
2015-11,PJ,Capital de giro,360321.0,27.87,
2015-11,PJ,Conta garantida,42639.0,49.94,
2015-11,PJ,Cheque especial,15948.0,269.34,
2015-11,PJ,Aquisição de veículos,16647.0,22.16,
2015-11,PJ,Vendor,5031.0,18.69,
2015-11,PJ,Compror,14007.0,23.52,
2015-11,PJ,Cartão de crédito rotativo,2315.0,288.58,
2015-11,PJ,Cartão de crédito parcelado,627.0,34.58,
2015-11,PJ,Adiantamento sobre contratos de câmbio (ACC),65520.0,3.41,
2015-11,PJ,Financiamento a importações,5425.0,14.19,
2015-11,PJ,Financiamento a exportações,98459.0,17.36,
2015-11,PJ,Repasse externo,41444.0,15.26,
2015-11,PJ,Crédito rural,77547.0,10.18,
2015-11,PJ,Financiamento imobiliário,71850.0,12.71,
2015-11,PJ,Financiamento com recursos do BNDES,624804.0,9.91,
2015-12,Total,Total,3228530.0,29.38,18.21
2015-12,PF,Total,1517384.0,37.37,26.27
2015-12,PF,Cheque especial,24645.0,251.08,
2015-12,PF,Crédito pessoal não consignado,107452.0,117.71,
2015-12,PF,Crédito pessoal consignado,271524.0,28.92,
2015-12,PF,Aquisição de veículos,161116.0,26.01,
2015-12,PF,Cartão de crédito rotativo,34507.0,430.83,
2015-12,PF,Cartão de crédito parcelado,11603.0,136.21,
2015-12,PF,Desconto de cheques,1367.0,55.62,
2015-12,PF,Crédito rural,153832.0,8.48,
2015-12,PF,Financiamento imobiliário,505303.0,10.08,
2015-12,PF,Microcrédito,5050.0,28.87,
2015-12,PJ,Total,1711146.0,20.77,9.52
2015-12,PJ,Desconto de duplicatas e recebíveis,55221.0,31.59,
2015-12,PJ,Capital de giro,361214.0,27.49,
2015-12,PJ,Conta garantida,39913.0,49.05,
2015-12,PJ,Cheque especial,14349.0,273.87,
2015-12,PJ,Aquisição de veículos,16486.0,21.94,
2015-12,PJ,Vendor,5390.0,19.06,
2015-12,PJ,Compror,14640.0,22.55,
2015-12,PJ,Cartão de crédito rotativo,2221.0,299.93,
2015-12,PJ,Cartão de crédito parcelado,1541.0,28.44,
2015-12,PJ,Adiantamento sobre contratos de câmbio (ACC),67255.0,3.76,
2015-12,PJ,Financiamento a importações,5365.0,16.92,
2015-12,PJ,Financiamento a exportações,99734.0,16.89,
2015-12,PJ,Repasse externo,44184.0,14.61,
2015-12,PJ,Crédito rural,77250.0,10.4,
2015-12,PJ,Financiamento imobiliário,72179.0,12.33,
2015-12,PJ,Financiamento com recursos do BNDES,633368.0,9.36,
2016-01,Total,Total,3207025.0,31.04,19.79
2016-01,PF,Total,1520633.0,38.87,27.66
2016-01,PF,Cheque especial,26020.0,255.95,
2016-01,PF,Crédito pessoal não consignado,107742.0,118.49,
2016-01,PF,Crédito pessoal consignado,273002.0,29.4,
2016-01,PF,Aquisição de veículos,159957.0,27.48,
2016-01,PF,Cartão de crédito rotativo,35833.0,447.78,
2016-01,PF,Cartão de crédito parcelado,11391.0,144.45,
2016-01,PF,Desconto de cheques,1364.0,57.91,
2016-01,PF,Crédito rural,154412.0,8.12,
2016-01,PF,Financiamento imobiliário,508432.0,10.48,
2016-01,PF,Microcrédito,4929.0,28.69,
2016-01,PJ,Total,1686393.0,22.49,11.19
2016-01,PJ,Desconto de duplicatas e recebíveis,43333.0,34.47,
2016-01,PJ,Capital de giro,354561.0,29.86,
2016-01,PJ,Conta garantida,40017.0,51.23,
2016-01,PJ,Cheque especial,15322.0,286.08,
2016-01,PJ,Aquisição de veículos,16226.0,23.01,
2016-01,PJ,Vendor,5050.0,19.26,
2016-01,PJ,Compror,12218.0,23.65,
2016-01,PJ,Cartão de crédito rotativo,2277.0,303.34,
2016-01,PJ,Cartão de crédito parcelado,754.0,37.8,
2016-01,PJ,Adiantamento sobre contratos de câmbio (ACC),68851.0,3.75,
2016-01,PJ,Financiamento a importações,5452.0,18.31,
2016-01,PJ,Financiamento a exportações,100321.0,17.57,
2016-01,PJ,Repasse externo,45872.0,13.37,
2016-01,PJ,Crédito rural,76399.0,10.44,
2016-01,PJ,Financiamento imobiliário,71923.0,12.01,
2016-01,PJ,Financiamento com recursos do BNDES,632796.0,11.7,
2016-02,Total,Total,3191152.0,31.53,20.57
2016-02,PF,Total,1521543.0,39.47,28.64
2016-02,PF,Cheque especial,27611.0,255.87,
2016-02,PF,Crédito pessoal não consignado,107726.0,122.84,
2016-02,PF,Crédito pessoal consignado,275160.0,29.66,
2016-02,PF,Aquisição de veículos,157328.0,27.56,
2016-02,PF,Cartão de crédito rotativo,37051.0,454.3,
2016-02,PF,Cartão de crédito parcelado,11358.0,146.08,
2016-02,PF,Desconto de cheques,1339.0,59.99,
2016-02,PF,Crédito rural,154806.0,8.22,
2016-02,PF,Financiamento imobiliário,510799.0,10.13,
2016-02,PF,Microcrédito,4813.0,28.91,
2016-02,PJ,Total,1669609.0,22.74,11.64
2016-02,PJ,Desconto de duplicatas e recebíveis,40231.0,38.17,
2016-02,PJ,Capital de giro,349329.0,29.23,
2016-02,PJ,Conta garantida,40498.0,51.05,
2016-02,PJ,Cheque especial,15278.0,290.78,
2016-02,PJ,Aquisição de veículos,15956.0,22.91,
2016-02,PJ,Vendor,4855.0,19.07,
2016-02,PJ,Compror,12025.0,23.71,
2016-02,PJ,Cartão de crédito rotativo,2512.0,308.66,
2016-02,PJ,Cartão de crédito parcelado,683.0,37.47,
2016-02,PJ,Adiantamento sobre contratos de câmbio (ACC),68507.0,3.99,
2016-02,PJ,Financiamento a importações,5038.0,16.87,
2016-02,PJ,Financiamento a exportações,100197.0,18.21,
2016-02,PJ,Repasse externo,45318.0,17.13,
2016-02,PJ,Crédito rural,75518.0,10.59,
2016-02,PJ,Financiamento imobiliário,71744.0,12.38,
2016-02,PJ,Financiamento com recursos do BNDES,626704.0,11.82,
2016-03,Total,Total,3169659.0,31.72,21.29
2016-03,PF,Total,1526320.0,40.19,29.8
2016-03,PF,Cheque especial,27209.0,263.0,
2016-03,PF,Crédito pessoal não consignado,108045.0,126.2,
2016-03,PF,Crédito pessoal consignado,277433.0,29.97,
2016-03,PF,Aquisição de veículos,155467.0,27.01,
2016-03,PF,Cartão de crédito rotativo,36388.0,457.87,
2016-03,PF,Cartão de crédito parcelado,11429.0,145.91,
2016-03,PF,Desconto de cheques,1274.0,60.2,
2016-03,PF,Crédito rural,156633.0,8.35,
2016-03,PF,Financiamento imobiliário,514896.0,10.74,
2016-03,PF,Microcrédito,4660.0,28.98,
2016-03,PJ,Total,1643339.0,22.21,11.73
2016-03,PJ,Desconto de duplicatas e recebíveis,41934.0,33.67,
2016-03,PJ,Capital de giro,345319.0,28.17,
2016-03,PJ,Conta garantida,39440.0,50.68,
2016-03,PJ,Cheque especial,14505.0,305.09,
2016-03,PJ,Aquisição de veículos,15745.0,22.7,
2016-03,PJ,Vendor,4702.0,19.33,
2016-03,PJ,Compror,12075.0,22.52,
2016-03,PJ,Cartão de crédito rotativo,2471.0,328.23,
2016-03,PJ,Cartão de crédito parcelado,784.0,38.87,
2016-03,PJ,Adiantamento sobre contratos de câmbio (ACC),69972.0,3.82,
2016-03,PJ,Financiamento a importações,4174.0,15.21,
2016-03,PJ,Financiamento a exportações,97896.0,15.18,
2016-03,PJ,Repasse externo,40408.0,15.86,
2016-03,PJ,Crédito rural,77659.0,10.26,
2016-03,PJ,Financiamento imobiliário,71859.0,13.04,
2016-03,PJ,Financiamento com recursos do BNDES,608044.0,11.91,
2016-04,Total,Total,3149609.0,32.13,21.99
2016-04,PF,Total,1525115.0,41.03,31.08
2016-04,PF,Cheque especial,26335.0,268.98,
2016-04,PF,Crédito pessoal não consignado,109474.0,130.7,
2016-04,PF,Crédito pessoal consignado,278796.0,29.8,
2016-04,PF,Aquisição de veículos,152926.0,26.77,
2016-04,PF,Cartão de crédito rotativo,37175.0,463.14,
2016-04,PF,Cartão de crédito parcelado,11434.0,150.41,
2016-04,PF,Desconto de cheques,1268.0,60.19,
2016-04,PF,Crédito rural,158363.0,8.36,
2016-04,PF,Financiamento imobiliário,515541.0,10.55,
2016-04,PF,Microcrédito,4590.0,29.39,
2016-04,PJ,Total,1624495.0,22.01,11.65
2016-04,PJ,Desconto de duplicatas e recebíveis,40107.0,35.28,
2016-04,PJ,Capital de giro,341243.0,27.1,
2016-04,PJ,Conta garantida,39142.0,51.27,
2016-04,PJ,Cheque especial,14276.0,308.5,
2016-04,PJ,Aquisição de veículos,15577.0,22.57,
2016-04,PJ,Vendor,4499.0,19.57,
2016-04,PJ,Compror,11520.0,23.64,
2016-04,PJ,Cartão de crédito rotativo,2427.0,339.38,
2016-04,PJ,Cartão de crédito parcelado,757.0,41.58,
2016-04,PJ,Adiantamento sobre contratos de câmbio (ACC),70334.0,3.61,
2016-04,PJ,Financiamento a importações,3822.0,13.79,
2016-04,PJ,Financiamento a exportações,96552.0,15.76,
2016-04,PJ,Repasse externo,39135.0,19.95,
2016-04,PJ,Crédito rural,77482.0,10.76,
2016-04,PJ,Financiamento imobiliário,72104.0,12.42,
2016-04,PJ,Financiamento com recursos do BNDES,601056.0,11.5,
2016-05,Total,Total,3156260.0,32.24,22.33
2016-05,PF,Total,1531794.0,41.4,31.57
2016-05,PF,Cheque especial,26781.0,270.24,
2016-05,PF,Crédito pessoal não consignado,109123.0,129.76,
2016-05,PF,Crédito pessoal consignado,280183.0,29.74,
2016-05,PF,Aquisição de veículos,151019.0,26.33,
2016-05,PF,Cartão de crédito rotativo,37354.0,474.71,
2016-05,PF,Cartão de crédito parcelado,11784.0,148.99,
2016-05,PF,Desconto de cheques,1217.0,59.4,
2016-05,PF,Crédito rural,158334.0,8.3,
2016-05,PF,Financiamento imobiliário,518805.0,11.15,
2016-05,PF,Microcrédito,4587.0,29.07,
2016-05,PJ,Total,1624466.0,21.68,11.67
2016-05,PJ,Desconto de duplicatas e recebíveis,39658.0,33.68,
2016-05,PJ,Capital de giro,336786.0,26.58,
2016-05,PJ,Conta garantida,38153.0,51.42,
2016-05,PJ,Cheque especial,13741.0,316.31,
2016-05,PJ,Aquisição de veículos,15329.0,22.46,
2016-05,PJ,Vendor,4037.0,19.26,
2016-05,PJ,Compror,11256.0,23.22,
2016-05,PJ,Cartão de crédito rotativo,2457.0,339.57,
2016-05,PJ,Cartão de crédito parcelado,780.0,34.45,
2016-05,PJ,Adiantamento sobre contratos de câmbio (ACC),74321.0,3.74,
2016-05,PJ,Financiamento a importações,3648.0,17.34,
2016-05,PJ,Financiamento a exportações,96326.0,16.61,
2016-05,PJ,Repasse externo,40903.0,11.18,
2016-05,PJ,Crédito rural,77178.0,10.72,
2016-05,PJ,Financiamento imobiliário,72000.0,12.28,
2016-05,PJ,Financiamento com recursos do BNDES,601282.0,11.87,
2016-06,Total,Total,3138980.0,32.09,22.18
2016-06,PF,Total,1535496.0,41.06,31.23
2016-06,PF,Cheque especial,26273.0,273.16,
2016-06,PF,Crédito pessoal não consignado,107979.0,128.18,
2016-06,PF,Crédito pessoal consignado,281847.0,29.44,
2016-06,PF,Aquisição de veículos,149043.0,25.97,
2016-06,PF,Cartão de crédito rotativo,38013.0,470.62,
2016-06,PF,Cartão de crédito parcelado,11873.0,149.5,
2016-06,PF,Desconto de cheques,1227.0,60.07,
2016-06,PF,Crédito rural,159520.0,8.38,
2016-06,PF,Financiamento imobiliário,522514.0,11.25,
2016-06,PF,Microcrédito,4716.0,29.09,
2016-06,PJ,Total,1603485.0,21.68,11.67
2016-06,PJ,Desconto de duplicatas e recebíveis,44014.0,32.91,
2016-06,PJ,Capital de giro,334458.0,27.01,
2016-06,PJ,Conta garantida,37006.0,51.14,
2016-06,PJ,Cheque especial,13144.0,320.01,
2016-06,PJ,Aquisição de veículos,15167.0,22.35,
2016-06,PJ,Vendor,3835.0,19.11,
2016-06,PJ,Compror,11249.0,23.2,
2016-06,PJ,Cartão de crédito rotativo,2464.0,347.46,
2016-06,PJ,Cartão de crédito parcelado,757.0,37.71,
2016-06,PJ,Adiantamento sobre contratos de câmbio (ACC),69064.0,4.02,
2016-06,PJ,Financiamento a importações,3093.0,15.78,
2016-06,PJ,Financiamento a exportações,95450.0,16.28,
2016-06,PJ,Repasse externo,35977.0,15.11,
2016-06,PJ,Crédito rural,77548.0,11.22,
2016-06,PJ,Financiamento imobiliário,72276.0,12.88,
2016-06,PJ,Financiamento com recursos do BNDES,588889.0,11.49,
2016-07,Total,Total,3125455.0,32.55,22.69
2016-07,PF,Total,1536902.0,41.33,31.52
2016-07,PF,Cheque especial,25466.0,276.82,
2016-07,PF,Crédito pessoal não consignado,107415.0,132.08,
2016-07,PF,Crédito pessoal consignado,282954.0,29.32,
2016-07,PF,Aquisição de veículos,147767.0,25.99,
2016-07,PF,Cartão de crédito rotativo,38229.0,469.76,
2016-07,PF,Cartão de crédito parcelado,11669.0,151.35,
2016-07,PF,Desconto de cheques,1202.0,60.95,
2016-07,PF,Crédito rural,157165.0,8.38,
2016-07,PF,Financiamento imobiliário,526714.0,11.39,
2016-07,PF,Microcrédito,4745.0,31.04,
2016-07,PJ,Total,1588553.0,22.19,12.26
2016-07,PJ,Desconto de duplicatas e recebíveis,42338.0,36.05,
2016-07,PJ,Capital de giro,329230.0,26.57,
2016-07,PJ,Conta garantida,36627.0,52.43,
2016-07,PJ,Cheque especial,12827.0,320.87,
2016-07,PJ,Aquisição de veículos,15181.0,21.69,
2016-07,PJ,Vendor,3637.0,19.44,
2016-07,PJ,Compror,10978.0,23.4,
2016-07,PJ,Cartão de crédito rotativo,2463.0,344.14,
2016-07,PJ,Cartão de crédito parcelado,644.0,42.52,
2016-07,PJ,Adiantamento sobre contratos de câmbio (ACC),68006.0,3.9,
2016-07,PJ,Financiamento a importações,3053.0,18.25,
2016-07,PJ,Financiamento a exportações,95164.0,17.41,
2016-07,PJ,Repasse externo,36017.0,11.57,
2016-07,PJ,Crédito rural,77012.0,10.67,
2016-07,PJ,Financiamento imobiliário,71918.0,13.29,
2016-07,PJ,Financiamento com recursos do BNDES,587753.0,12.69,
2016-08,Total,Total,3124633.0,32.7,22.94
2016-08,PF,Total,1545536.0,41.43,31.8
2016-08,PF,Cheque especial,26060.0,281.47,
2016-08,PF,Crédito pessoal não consignado,106932.0,132.16,
2016-08,PF,Crédito pessoal consignado,284166.0,29.42,
2016-08,PF,Aquisição de veículos,146405.0,26.17,
2016-08,PF,Cartão de crédito rotativo,38361.0,482.74,
2016-08,PF,Cartão de crédito parcelado,11564.0,152.2,
2016-08,PF,Desconto de cheques,1179.0,60.54,
2016-08,PF,Crédito rural,157480.0,8.31,
2016-08,PF,Financiamento imobiliário,530797.0,11.22,
2016-08,PF,Microcrédito,4668.0,29.59,
2016-08,PJ,Total,1579098.0,22.26,12.34
2016-08,PJ,Desconto de duplicatas e recebíveis,42204.0,36.08,
2016-08,PJ,Capital de giro,325406.0,26.52,
2016-08,PJ,Conta garantida,35205.0,52.03,
2016-08,PJ,Cheque especial,12349.0,328.77,
2016-08,PJ,Aquisição de veículos,15146.0,21.53,
2016-08,PJ,Vendor,3568.0,19.6,
2016-08,PJ,Compror,11700.0,23.13,
2016-08,PJ,Cartão de crédito rotativo,2388.0,354.43,
2016-08,PJ,Cartão de crédito parcelado,654.0,38.31,
2016-08,PJ,Adiantamento sobre contratos de câmbio (ACC),66746.0,4.3,
2016-08,PJ,Financiamento a importações,3110.0,17.07,
2016-08,PJ,Financiamento a exportações,95085.0,16.12,
2016-08,PJ,Repasse externo,35876.0,17.43,
2016-08,PJ,Crédito rural,77546.0,11.25,
2016-08,PJ,Financiamento imobiliário,71751.0,12.67,
2016-08,PJ,Financiamento com recursos do BNDES,585603.0,12.8,
2016-09,Total,Total,3121068.0,32.72,23.13
2016-09,PF,Total,1548943.0,42.06,32.61
2016-09,PF,Cheque especial,26276.0,281.41,
2016-09,PF,Crédito pessoal não consignado,106602.0,134.98,
2016-09,PF,Crédito pessoal consignado,285146.0,29.42,
2016-09,PF,Aquisição de veículos,145387.0,26.13,
2016-09,PF,Cartão de crédito rotativo,39057.0,491.25,
2016-09,PF,Cartão de crédito parcelado,11421.0,154.85,
2016-09,PF,Desconto de cheques,1186.0,60.32,
2016-09,PF,Crédito rural,158919.0,8.63,
2016-09,PF,Financiamento imobiliário,534190.0,11.04,
2016-09,PF,Microcrédito,4553.0,28.89,
2016-09,PJ,Total,1572125.0,21.49,11.73
2016-09,PJ,Desconto de duplicatas e recebíveis,46888.0,31.54,
2016-09,PJ,Capital de giro,323147.0,25.31,
2016-09,PJ,Conta garantida,34646.0,50.65,
2016-09,PJ,Cheque especial,12505.0,337.6,
2016-09,PJ,Aquisição de veículos,15073.0,21.6,
2016-09,PJ,Vendor,3521.0,18.79,
2016-09,PJ,Compror,12122.0,23.24,
2016-09,PJ,Cartão de crédito rotativo,2428.0,356.6,
2016-09,PJ,Cartão de crédito parcelado,770.0,35.95,
2016-09,PJ,Adiantamento sobre contratos de câmbio (ACC),63524.0,3.97,
2016-09,PJ,Financiamento a importações,2878.0,15.77,
2016-09,PJ,Financiamento a exportações,94506.0,16.58,
2016-09,PJ,Repasse externo,35258.0,13.0,
2016-09,PJ,Crédito rural,77225.0,11.66,
2016-09,PJ,Financiamento imobiliário,71917.0,12.67,
2016-09,PJ,Financiamento com recursos do BNDES,577927.0,12.11,
2016-10,Total,Total,3104644.0,33.0,23.62
2016-10,PF,Total,1546649.0,42.25,33.08
2016-10,PF,Cheque especial,26907.0,285.17,
2016-10,PF,Crédito pessoal não consignado,105734.0,136.16,
2016-10,PF,Crédito pessoal consignado,285970.0,29.63,
2016-10,PF,Aquisição de veículos,143938.0,25.75,
2016-10,PF,Cartão de crédito rotativo,39134.0,483.97,
2016-10,PF,Cartão de crédito parcelado,11437.0,156.14,
2016-10,PF,Desconto de cheques,1172.0,60.87,
2016-10,PF,Crédito rural,158387.0,8.69,
2016-10,PF,Financiamento imobiliário,530897.0,10.7,
2016-10,PF,Microcrédito,4374.0,29.65,
2016-10,PJ,Total,1557995.0,21.8,12.15
2016-10,PJ,Desconto de duplicatas e recebíveis,45144.0,33.02,
2016-10,PJ,Capital de giro,323108.0,25.35,
2016-10,PJ,Conta garantida,34879.0,53.12,
2016-10,PJ,Cheque especial,12524.0,340.5,
2016-10,PJ,Aquisição de veículos,14897.0,21.82,
2016-10,PJ,Vendor,3561.0,19.67,
2016-10,PJ,Compror,12026.0,23.44,
2016-10,PJ,Cartão de crédito rotativo,2443.0,355.39,
2016-10,PJ,Cartão de crédito parcelado,564.0,41.12,
2016-10,PJ,Adiantamento sobre contratos de câmbio (ACC),63557.0,4.05,
2016-10,PJ,Financiamento a importações,2713.0,17.23,
2016-10,PJ,Financiamento a exportações,92654.0,16.82,
2016-10,PJ,Repasse externo,34197.0,16.9,
2016-10,PJ,Crédito rural,76926.0,11.39,
2016-10,PJ,Financiamento imobiliário,71790.0,12.58,
2016-10,PJ,Financiamento com recursos do BNDES,569936.0,11.99,
2016-11,Total,Total,3113774.0,32.8,23.23
2016-11,PF,Total,1556985.0,42.29,32.87
2016-11,PF,Cheque especial,26087.0,284.62,
2016-11,PF,Crédito pessoal não consignado,105154.0,137.82,
2016-11,PF,Crédito pessoal consignado,286598.0,29.56,
2016-11,PF,Aquisição de veículos,143553.0,25.85,
2016-11,PF,Cartão de crédito rotativo,39432.0,494.82,
2016-11,PF,Cartão de crédito parcelado,11279.0,155.43,
2016-11,PF,Desconto de cheques,1172.0,60.66,
2016-11,PF,Crédito rural,158974.0,8.88,
2016-11,PF,Financiamento imobiliário,534592.0,10.7,
2016-11,PF,Microcrédito,4400.0,29.29,
2016-11,PJ,Total,1556789.0,21.21,11.47
2016-11,PJ,Desconto de duplicatas e recebíveis,47644.0,33.62,
2016-11,PJ,Capital de giro,323837.0,25.12,
2016-11,PJ,Conta garantida,34733.0,51.09,
2016-11,PJ,Cheque especial,12123.0,339.04,
2016-11,PJ,Aquisição de veículos,14784.0,21.94,
2016-11,PJ,Vendor,3870.0,19.68,
2016-11,PJ,Compror,12235.0,22.99,
2016-11,PJ,Cartão de crédito rotativo,2444.0,361.23,
2016-11,PJ,Cartão de crédito parcelado,617.0,37.56,
2016-11,PJ,Adiantamento sobre contratos de câmbio (ACC),60428.0,4.54,
2016-11,PJ,Financiamento a importações,2742.0,16.58,
2016-11,PJ,Financiamento a exportações,91787.0,15.36,
2016-11,PJ,Repasse externo,35118.0,15.08,
2016-11,PJ,Crédito rural,76904.0,11.63,
2016-11,PJ,Financiamento imobiliário,71526.0,12.84,
2016-11,PJ,Financiamento com recursos do BNDES,570168.0,11.11,
2016-12,Total,Total,3116780.0,31.82,22.33
2016-12,PF,Total,1567459.0,41.2,31.77
2016-12,PF,Cheque especial,23359.0,282.57,
2016-12,PF,Crédito pessoal não consignado,101894.0,139.79,
2016-12,PF,Crédito pessoal consignado,286999.0,29.4,
2016-12,PF,Aquisição de veículos,143590.0,25.7,
2016-12,PF,Cartão de crédito rotativo,38138.0,497.73,
2016-12,PF,Cartão de crédito parcelado,11209.0,153.75,
2016-12,PF,Desconto de cheques,1166.0,58.75,
2016-12,PF,Crédito rural,162572.0,9.05,
2016-12,PF,Financiamento imobiliário,540012.0,10.91,
2016-12,PF,Microcrédito,4551.0,28.7,
2016-12,PJ,Total,1549321.0,20.29,10.74
2016-12,PJ,Desconto de duplicatas e recebíveis,58722.0,30.24,
2016-12,PJ,Capital de giro,323242.0,23.68,
2016-12,PJ,Conta garantida,32563.0,49.2,
2016-12,PJ,Cheque especial,10633.0,332.76,
2016-12,PJ,Aquisição de veículos,14830.0,20.88,
2016-12,PJ,Vendor,4406.0,18.52,
2016-12,PJ,Compror,13285.0,22.56,
2016-12,PJ,Cartão de crédito rotativo,2391.0,361.71,
2016-12,PJ,Cartão de crédito parcelado,785.0,36.17,
2016-12,PJ,Adiantamento sobre contratos de câmbio (ACC),58378.0,4.55,
2016-12,PJ,Financiamento a importações,2636.0,16.06,
2016-12,PJ,Financiamento a exportações,90951.0,15.02,
2016-12,PJ,Repasse externo,33460.0,11.52,
2016-12,PJ,Crédito rural,79050.0,11.53,
2016-12,PJ,Financiamento imobiliário,70776.0,13.4,
2016-12,PJ,Financiamento com recursos do BNDES,552305.0,10.83,
2017-01,Total,Total,3085111.0,32.55,23.6
2017-01,PF,Total,1572865.0,41.43,32.54
2017-01,PF,Cheque especial,25536.0,281.94,
2017-01,PF,Crédito pessoal não consignado,101385.0,140.88,
2017-01,PF,Crédito pessoal consignado,288632.0,29.64,
2017-01,PF,Aquisição de veículos,143661.0,26.18,
2017-01,PF,Cartão de crédito rotativo,38909.0,497.5,
2017-01,PF,Cartão de crédito parcelado,11182.0,161.92,
2017-01,PF,Desconto de cheques,1123.0,58.02,
2017-01,PF,Crédito rural,164505.0,8.91,
2017-01,PF,Financiamento imobiliário,542372.0,10.9,
2017-01,PF,Microcrédito,4363.0,29.63,
2017-01,PJ,Total,1512246.0,21.4,12.36
2017-01,PJ,Desconto de duplicatas e recebíveis,45918.0,33.59,
2017-01,PJ,Capital de giro,319804.0,24.38,
2017-01,PJ,Conta garantida,33158.0,50.25,
2017-01,PJ,Cheque especial,11497.0,333.49,
2017-01,PJ,Aquisição de veículos,14606.0,22.06,
2017-01,PJ,Vendor,4350.0,18.99,
2017-01,PJ,Compror,11400.0,23.28,
2017-01,PJ,Cartão de crédito rotativo,2379.0,364.73,
2017-01,PJ,Cartão de crédito parcelado,692.0,35.13,
2017-01,PJ,Adiantamento sobre contratos de câmbio (ACC),57347.0,4.04,
2017-01,PJ,Financiamento a importações,2620.0,13.64,
2017-01,PJ,Financiamento a exportações,90287.0,15.19,
2017-01,PJ,Repasse externo,31810.0,10.9,
2017-01,PJ,Crédito rural,77226.0,11.44,
2017-01,PJ,Financiamento imobiliário,69939.0,12.53,
2017-01,PJ,Financiamento com recursos do BNDES,542342.0,13.13,
2017-02,Total,Total,3082132.0,31.79,23.56
2017-02,PF,Total,1573869.0,40.73,32.92
2017-02,PF,Cheque especial,24128.0,279.18,
2017-02,PF,Crédito pessoal não consignado,101492.0,141.86,
2017-02,PF,Crédito pessoal consignado,290838.0,29.52,
2017-02,PF,Aquisição de veículos,143710.0,25.71,
2017-02,PF,Cartão de crédito rotativo,41326.0,487.77,
2017-02,PF,Cartão de crédito parcelado,11173.0,163.48,
2017-02,PF,Desconto de cheques,1154.0,59.21,
2017-02,PF,Crédito rural,165857.0,8.72,
2017-02,PF,Financiamento imobiliário,545300.0,9.2,
2017-02,PF,Microcrédito,4341.0,29.3,
2017-02,PJ,Total,1508263.0,20.43,11.68
2017-02,PJ,Desconto de duplicatas e recebíveis,45506.0,31.88,
2017-02,PJ,Capital de giro,320189.0,23.66,
2017-02,PJ,Conta garantida,33735.0,48.59,
2017-02,PJ,Cheque especial,11308.0,336.98,
2017-02,PJ,Aquisição de veículos,14653.0,21.26,
2017-02,PJ,Vendor,4332.0,19.11,
2017-02,PJ,Compror,11020.0,22.87,
2017-02,PJ,Cartão de crédito rotativo,2481.0,370.7,
2017-02,PJ,Cartão de crédito parcelado,643.0,37.53,
2017-02,PJ,Adiantamento sobre contratos de câmbio (ACC),57879.0,4.0,
2017-02,PJ,Financiamento a importações,2555.0,15.34,
2017-02,PJ,Financiamento a exportações,91423.0,13.36,
2017-02,PJ,Repasse externo,30952.0,22.93,
2017-02,PJ,Crédito rural,77707.0,10.71,
2017-02,PJ,Financiamento imobiliário,69538.0,11.13,
2017-02,PJ,Financiamento com recursos do BNDES,537588.0,10.96,
2017-03,Total,Total,3089526.0,31.73,23.51
2017-03,PF,Total,1583060.0,40.61,32.63
2017-03,PF,Cheque especial,25306.0,282.54,
2017-03,PF,Crédito pessoal não consignado,102082.0,135.03,
2017-03,PF,Crédito pessoal consignado,293295.0,29.31,
2017-03,PF,Aquisição de veículos,143032.0,24.8,
2017-03,PF,Cartão de crédito rotativo,38871.0,490.33,
2017-03,PF,Cartão de crédito parcelado,11341.0,158.46,
2017-03,PF,Desconto de cheques,1091.0,57.33,
2017-03,PF,Crédito rural,167777.0,8.79,
2017-03,PF,Financiamento imobiliário,547899.0,9.84,
2017-03,PF,Microcrédito,4157.0,30.13,
2017-03,PJ,Total,1506466.0,20.33,11.8
2017-03,PJ,Desconto de duplicatas e recebíveis,49098.0,29.36,
2017-03,PJ,Capital de giro,317362.0,22.23,
2017-03,PJ,Conta garantida,30794.0,49.18,
2017-03,PJ,Cheque especial,10902.0,340.63,
2017-03,PJ,Aquisição de veículos,14612.0,20.48,
2017-03,PJ,Vendor,4281.0,18.54,
2017-03,PJ,Compror,11278.0,21.01,
2017-03,PJ,Cartão de crédito rotativo,1620.0,348.0,
2017-03,PJ,Cartão de crédito parcelado,734.0,33.05,
2017-03,PJ,Adiantamento sobre contratos de câmbio (ACC),58608.0,3.9,
2017-03,PJ,Financiamento a importações,2511.0,15.0,
2017-03,PJ,Financiamento a exportações,94005.0,13.59,
2017-03,PJ,Repasse externo,31503.0,13.19,
2017-03,PJ,Crédito rural,77430.0,10.48,
2017-03,PJ,Financiamento imobiliário,68749.0,11.75,
2017-03,PJ,Financiamento com recursos do BNDES,535835.0,12.46,
2017-04,Total,Total,3081488.0,29.83,22.02
2017-04,PF,Total,1584786.0,37.84,30.29
2017-04,PF,Cheque especial,24847.0,282.34,
2017-04,PF,Crédito pessoal não consignado,102003.0,129.16,
2017-04,PF,Crédito pessoal consignado,294550.0,28.18,
2017-04,PF,Aquisição de veículos,142676.0,24.39,
2017-04,PF,Cartão de crédito rotativo,38785.0,424.36,
2017-04,PF,Cartão de crédito parcelado,12389.0,162.16,
2017-04,PF,Desconto de cheques,1068.0,58.45,
2017-04,PF,Crédito rural,170134.0,8.73,
2017-04,PF,Financiamento imobiliário,550884.0,9.06,
2017-04,PF,Microcrédito,4046.0,30.02,
2017-04,PJ,Total,1496702.0,19.48,11.34
2017-04,PJ,Desconto de duplicatas e recebíveis,45042.0,30.79,
2017-04,PJ,Capital de giro,314661.0,22.0,
2017-04,PJ,Conta garantida,30978.0,48.74,
2017-04,PJ,Cheque especial,11206.0,339.9,
2017-04,PJ,Aquisição de veículos,14704.0,19.72,
2017-04,PJ,Vendor,4083.0,17.88,
2017-04,PJ,Compror,10721.0,21.3,
2017-04,PJ,Cartão de crédito rotativo,2044.0,244.83,
2017-04,PJ,Cartão de crédito parcelado,205.0,119.55,
2017-04,PJ,Adiantamento sobre contratos de câmbio (ACC),58681.0,4.0,
2017-04,PJ,Financiamento a importações,2569.0,16.68,
2017-04,PJ,Financiamento a exportações,94034.0,13.3,
2017-04,PJ,Repasse externo,34140.0,13.8,
2017-04,PJ,Crédito rural,78496.0,10.32,
2017-04,PJ,Financiamento imobiliário,68133.0,11.5,
2017-04,PJ,Financiamento com recursos do BNDES,532586.0,11.55,
2017-05,Total,Total,3075475.0,28.75,20.78
2017-05,PF,Total,1594997.0,36.0,28.13
2017-05,PF,Cheque especial,25019.0,279.64,
2017-05,PF,Crédito pessoal não consignado,103187.0,132.64,
2017-05,PF,Crédito pessoal consignado,297689.0,27.57,
2017-05,PF,Aquisição de veículos,142535.0,24.25,
2017-05,PF,Cartão de crédito rotativo,36222.0,358.76,
2017-05,PF,Cartão de crédito parcelado,14727.0,159.59,
2017-05,PF,Desconto de cheques,1034.0,55.26,
2017-05,PF,Crédito rural,170487.0,8.75,
2017-05,PF,Financiamento imobiliário,553887.0,9.94,
2017-05,PF,Microcrédito,4044.0,30.04,
2017-05,PJ,Total,1480478.0,19.27,11.18
2017-05,PJ,Desconto de duplicatas e recebíveis,43863.0,29.03,
2017-05,PJ,Capital de giro,307406.0,22.3,
2017-05,PJ,Conta garantida,29679.0,49.02,
2017-05,PJ,Cheque especial,10437.0,339.48,
2017-05,PJ,Aquisição de veículos,14818.0,18.93,
2017-05,PJ,Vendor,3506.0,17.15,
2017-05,PJ,Compror,10801.0,19.98,
2017-05,PJ,Cartão de crédito rotativo,1872.0,246.75,
2017-05,PJ,Cartão de crédito parcelado,326.0,153.98,
2017-05,PJ,Adiantamento sobre contratos de câmbio (ACC),57750.0,4.44,
2017-05,PJ,Financiamento a importações,2601.0,13.72,
2017-05,PJ,Financiamento a exportações,93149.0,12.47,
2017-05,PJ,Repasse externo,34414.0,10.98,
2017-05,PJ,Crédito rural,78886.0,10.59,
2017-05,PJ,Financiamento imobiliário,67408.0,11.81,
2017-05,PJ,Financiamento com recursos do BNDES,530470.0,11.62,
2017-06,Total,Total,3088141.0,28.53,20.65
2017-06,PF,Total,1602729.0,35.8,28.1
2017-06,PF,Cheque especial,24661.0,276.83,
2017-06,PF,Crédito pessoal não consignado,103498.0,124.97,
2017-06,PF,Crédito pessoal consignado,300063.0,27.4,
2017-06,PF,Aquisição de veículos,142786.0,24.03,
2017-06,PF,Cartão de crédito rotativo,34909.0,383.16,
2017-06,PF,Cartão de crédito parcelado,15622.0,157.89,
2017-06,PF,Desconto de cheques,1035.0,55.09,
2017-06,PF,Crédito rural,170741.0,8.73,
2017-06,PF,Financiamento imobiliário,557363.0,9.28,
2017-06,PF,Microcrédito,4118.0,29.8,
2017-06,PJ,Total,1485412.0,18.9,10.79
2017-06,PJ,Desconto de duplicatas e recebíveis,49973.0,25.67,
2017-06,PJ,Capital de giro,306885.0,20.66,
2017-06,PJ,Conta garantida,29269.0,48.24,
2017-06,PJ,Cheque especial,10404.0,339.38,
2017-06,PJ,Aquisição de veículos,14930.0,19.11,
2017-06,PJ,Vendor,3441.0,16.7,
2017-06,PJ,Compror,11476.0,19.6,
2017-06,PJ,Cartão de crédito rotativo,1839.0,342.39,
2017-06,PJ,Cartão de crédito parcelado,384.0,141.82,
2017-06,PJ,Adiantamento sobre contratos de câmbio (ACC),58170.0,4.18,
2017-06,PJ,Financiamento a importações,2780.0,12.48,
2017-06,PJ,Financiamento a exportações,91653.0,12.5,
2017-06,PJ,Repasse externo,34890.0,11.1,
2017-06,PJ,Crédito rural,80701.0,10.15,
2017-06,PJ,Financiamento imobiliário,66509.0,11.68,
2017-06,PJ,Financiamento com recursos do BNDES,527244.0,12.22,
2017-07,Total,Total,3062988.0,28.96,21.42
2017-07,PF,Total,1607453.0,36.35,28.94
2017-07,PF,Cheque especial,24627.0,275.5,
2017-07,PF,Crédito pessoal não consignado,103061.0,133.15,
2017-07,PF,Crédito pessoal consignado,301737.0,27.43,
2017-07,PF,Aquisição de veículos,143061.0,23.79,
2017-07,PF,Cartão de crédito rotativo,34530.0,424.87,
2017-07,PF,Cartão de crédito parcelado,16407.0,159.64,
2017-07,PF,Desconto de cheques,1021.0,54.49,
2017-07,PF,Crédito rural,166304.0,8.11,
2017-07,PF,Financiamento imobiliário,561086.0,9.29,
2017-07,PF,Microcrédito,4088.0,27.37,
2017-07,PJ,Total,1455536.0,19.11,11.4
2017-07,PJ,Desconto de duplicatas e recebíveis,44356.0,27.79,
2017-07,PJ,Capital de giro,302479.0,21.23,
2017-07,PJ,Conta garantida,28950.0,45.59,
2017-07,PJ,Cheque especial,10082.0,339.93,
2017-07,PJ,Aquisição de veículos,15039.0,18.64,
2017-07,PJ,Vendor,3298.0,16.05,
2017-07,PJ,Compror,11194.0,18.97,
2017-07,PJ,Cartão de crédito rotativo,2226.0,391.2,
2017-07,PJ,Cartão de crédito parcelado,447.0,129.72,
2017-07,PJ,Adiantamento sobre contratos de câmbio (ACC),57999.0,3.54,
2017-07,PJ,Financiamento a importações,2827.0,13.1,
2017-07,PJ,Financiamento a exportações,91368.0,12.7,
2017-07,PJ,Repasse externo,33170.0,12.17,
2017-07,PJ,Crédito rural,79012.0,9.41,
2017-07,PJ,Financiamento imobiliário,65605.0,11.3,
2017-07,PJ,Financiamento com recursos do BNDES,516312.0,12.1,
2017-08,Total,Total,3061725.0,28.48,21.29
2017-08,PF,Total,1619271.0,35.53,28.57
2017-08,PF,Cheque especial,24550.0,272.35,
2017-08,PF,Crédito pessoal não consignado,103574.0,130.44,
2017-08,PF,Crédito pessoal consignado,304360.0,27.17,
2017-08,PF,Aquisição de veículos,144210.0,23.22,
2017-08,PF,Cartão de crédito rotativo,33814.0,428.02,
2017-08,PF,Cartão de crédito parcelado,16539.0,160.93,
2017-08,PF,Desconto de cheques,1005.0,54.94,
2017-08,PF,Crédito rural,169523.0,7.76,
2017-08,PF,Financiamento imobiliário,564177.0,8.59,
2017-08,PF,Microcrédito,4145.0,29.56,
2017-08,PJ,Total,1442454.0,18.88,11.37
2017-08,PJ,Desconto de duplicatas e recebíveis,45807.0,24.83,
2017-08,PJ,Capital de giro,300419.0,20.46,
2017-08,PJ,Conta garantida,27969.0,45.66,
2017-08,PJ,Cheque especial,9674.0,338.25,
2017-08,PJ,Aquisição de veículos,15361.0,18.05,
2017-08,PJ,Vendor,3199.0,14.88,
2017-08,PJ,Compror,11568.0,18.29,
2017-08,PJ,Cartão de crédito rotativo,2015.0,385.53,
2017-08,PJ,Cartão de crédito parcelado,454.0,135.48,
2017-08,PJ,Adiantamento sobre contratos de câmbio (ACC),57165.0,3.84,
2017-08,PJ,Financiamento a importações,2950.0,11.13,
2017-08,PJ,Financiamento a exportações,96754.0,11.23,
2017-08,PJ,Repasse externo,30848.0,13.24,
2017-08,PJ,Crédito rural,73347.0,9.36,
2017-08,PJ,Financiamento imobiliário,63977.0,11.05,
2017-08,PJ,Financiamento com recursos do BNDES,510248.0,13.03,
2017-09,Total,Total,3061845.0,26.86,20.02
2017-09,PF,Total,1622920.0,33.58,26.98
2017-09,PF,Cheque especial,23852.0,276.36,
2017-09,PF,Crédito pessoal não consignado,103500.0,127.31,
2017-09,PF,Crédito pessoal consignado,305505.0,26.97,
2017-09,PF,Aquisição de veículos,145043.0,22.96,
2017-09,PF,Cartão de crédito rotativo,33663.0,348.73,
2017-09,PF,Cartão de crédito parcelado,16515.0,165.29,
2017-09,PF,Desconto de cheques,1013.0,54.76,
2017-09,PF,Crédito rural,171314.0,7.85,
2017-09,PF,Financiamento imobiliário,566105.0,8.53,
2017-09,PF,Microcrédito,4054.0,30.16,
2017-09,PJ,Total,1438926.0,17.62,10.45
2017-09,PJ,Desconto de duplicatas e recebíveis,53101.0,20.92,
2017-09,PJ,Capital de giro,294517.0,19.73,
2017-09,PJ,Conta garantida,28259.0,43.99,
2017-09,PJ,Cheque especial,9789.0,339.32,
2017-09,PJ,Aquisição de veículos,15717.0,17.72,
2017-09,PJ,Vendor,3202.0,14.21,
2017-09,PJ,Compror,11825.0,18.07,
2017-09,PJ,Cartão de crédito rotativo,2232.0,283.73,
2017-09,PJ,Cartão de crédito parcelado,454.0,137.82,
2017-09,PJ,Adiantamento sobre contratos de câmbio (ACC),56848.0,3.62,
2017-09,PJ,Financiamento a importações,2886.0,11.06,
2017-09,PJ,Financiamento a exportações,98416.0,11.35,
2017-09,PJ,Repasse externo,28796.0,12.24,
2017-09,PJ,Crédito rural,72418.0,8.89,
2017-09,PJ,Financiamento imobiliário,62756.0,11.29,
2017-09,PJ,Financiamento com recursos do BNDES,504300.0,11.23,
2017-10,Total,Total,3066751.0,27.37,20.59
2017-10,PF,Total,1635059.0,33.85,27.32
2017-10,PF,Cheque especial,25264.0,277.43,
2017-10,PF,Crédito pessoal não consignado,103733.0,132.11,
2017-10,PF,Crédito pessoal consignado,307425.0,26.6,
2017-10,PF,Aquisição de veículos,146134.0,22.51,
2017-10,PF,Cartão de crédito rotativo,34007.0,354.88,
2017-10,PF,Cartão de crédito parcelado,16592.0,166.97,
2017-10,PF,Desconto de cheques,1007.0,54.23,
2017-10,PF,Crédito rural,172361.0,7.9,
2017-10,PF,Financiamento imobiliário,567428.0,8.62,
2017-10,PF,Microcrédito,4014.0,29.24,
2017-10,PJ,Total,1431692.0,18.37,11.23
2017-10,PJ,Desconto de duplicatas e recebíveis,50008.0,22.15,
2017-10,PJ,Capital de giro,292801.0,19.69,
2017-10,PJ,Conta garantida,28467.0,43.12,
2017-10,PJ,Cheque especial,9849.0,342.97,
2017-10,PJ,Aquisição de veículos,16103.0,17.11,
2017-10,PJ,Vendor,3220.0,13.55,
2017-10,PJ,Compror,11504.0,17.66,
2017-10,PJ,Cartão de crédito rotativo,1956.0,300.65,
2017-10,PJ,Cartão de crédito parcelado,454.0,140.88,
2017-10,PJ,Adiantamento sobre contratos de câmbio (ACC),55629.0,3.76,
2017-10,PJ,Financiamento a importações,2929.0,11.11,
2017-10,PJ,Financiamento a exportações,98502.0,10.93,
2017-10,PJ,Repasse externo,29854.0,11.17,
2017-10,PJ,Crédito rural,71307.0,8.77,
2017-10,PJ,Financiamento imobiliário,61373.0,11.71,
2017-10,PJ,Financiamento com recursos do BNDES,501851.0,13.03,
2017-11,Total,Total,3078605.0,26.82,20.05
2017-11,PF,Total,1649750.0,33.19,26.66
2017-11,PF,Cheque especial,24689.0,276.42,
2017-11,PF,Crédito pessoal não consignado,104109.0,125.96,
2017-11,PF,Crédito pessoal consignado,308773.0,26.1,
2017-11,PF,Aquisição de veículos,147899.0,22.14,
2017-11,PF,Cartão de crédito rotativo,34592.0,359.17,
2017-11,PF,Cartão de crédito parcelado,16655.0,168.45,
2017-11,PF,Desconto de cheques,1026.0,51.96,
2017-11,PF,Crédito rural,173538.0,7.9,
2017-11,PF,Financiamento imobiliário,569375.0,7.91,
2017-11,PF,Microcrédito,4075.0,28.45,
2017-11,PJ,Total,1428855.0,17.89,10.77
2017-11,PJ,Desconto de duplicatas e recebíveis,54154.0,20.93,
2017-11,PJ,Capital de giro,293573.0,19.19,
2017-11,PJ,Conta garantida,29818.0,41.98,
2017-11,PJ,Cheque especial,10110.0,339.9,
2017-11,PJ,Aquisição de veículos,16569.0,16.99,
2017-11,PJ,Vendor,3422.0,13.39,
2017-11,PJ,Compror,12001.0,16.61,
2017-11,PJ,Cartão de crédito rotativo,1940.0,304.14,
2017-11,PJ,Cartão de crédito parcelado,453.0,139.85,
2017-11,PJ,Adiantamento sobre contratos de câmbio (ACC),54493.0,4.14,
2017-11,PJ,Financiamento a importações,2879.0,9.88,
2017-11,PJ,Financiamento a exportações,96735.0,10.87,
2017-11,PJ,Repasse externo,29567.0,10.58,
2017-11,PJ,Crédito rural,70443.0,8.68,
2017-11,PJ,Financiamento imobiliário,60281.0,10.52,
2017-11,PJ,Financiamento com recursos do BNDES,496423.0,12.3,
2017-12,Total,Total,3103339.0,25.5,18.76
2017-12,PF,Total,1658714.0,31.57,25.15
2017-12,PF,Cheque especial,21763.0,273.2,
2017-12,PF,Crédito pessoal não consignado,101985.0,113.28,
2017-12,PF,Crédito pessoal consignado,309811.0,25.96,
2017-12,PF,Aquisição de veículos,149869.0,22.23,
2017-12,PF,Cartão de crédito rotativo,33066.0,352.7,
2017-12,PF,Cartão de crédito parcelado,16845.0,169.11,
2017-12,PF,Desconto de cheques,1045.0,54.04,
2017-12,PF,Crédito rural,176202.0,7.9,
2017-12,PF,Financiamento imobiliário,571016.0,8.06,
2017-12,PF,Microcrédito,4237.0,28.21,
2017-12,PJ,Total,1444625.0,16.96,9.78
2017-12,PJ,Desconto de duplicatas e recebíveis,71089.0,18.67,
2017-12,PJ,Capital de giro,295662.0,17.86,
2017-12,PJ,Conta garantida,28874.0,40.91,
2017-12,PJ,Cheque especial,9140.0,336.5,
2017-12,PJ,Aquisição de veículos,17175.0,16.64,
2017-12,PJ,Vendor,4069.0,12.33,
2017-12,PJ,Compror,13648.0,15.67,
2017-12,PJ,Cartão de crédito rotativo,2651.0,255.2,
2017-12,PJ,Cartão de crédito parcelado,468.0,141.25,
2017-12,PJ,Adiantamento sobre contratos de câmbio (ACC),54749.0,3.91,
2017-12,PJ,Financiamento a importações,2880.0,10.07,
2017-12,PJ,Financiamento a exportações,93378.0,10.64,
2017-12,PJ,Repasse externo,31119.0,12.36,
2017-12,PJ,Crédito rural,69978.0,8.51,
2017-12,PJ,Financiamento imobiliário,59220.0,10.88,
2017-12,PJ,Financiamento com recursos do BNDES,487274.0,11.43,
2018-01,Total,Total,3076843.0,25.99,19.45
2018-01,PF,Total,1666801.0,31.89,25.64
2018-01,PF,Cheque especial,24372.0,276.07,
2018-01,PF,Crédito pessoal não consignado,102813.0,122.58,
2018-01,PF,Crédito pessoal consignado,311708.0,26.18,
2018-01,PF,Aquisição de veículos,152349.0,22.74,
2018-01,PF,Cartão de crédito rotativo,33390.0,341.8,
2018-01,PF,Cartão de crédito parcelado,16682.0,167.89,
2018-01,PF,Desconto de cheques,1028.0,50.77,
2018-01,PF,Crédito rural,177006.0,7.69,
2018-01,PF,Financiamento imobiliário,571142.0,8.33,
2018-01,PF,Microcrédito,4195.0,28.98,
2018-01,PJ,Total,1410042.0,17.81,10.87
2018-01,PJ,Desconto de duplicatas e recebíveis,56509.0,22.52,
2018-01,PJ,Capital de giro,292943.0,18.78,
2018-01,PJ,Conta garantida,29879.0,41.53,
2018-01,PJ,Cheque especial,9814.0,330.19,
2018-01,PJ,Aquisição de veículos,17517.0,16.88,
2018-01,PJ,Vendor,3881.0,12.52,
2018-01,PJ,Compror,11422.0,15.55,
2018-01,PJ,Cartão de crédito rotativo,1770.0,296.43,
2018-01,PJ,Cartão de crédito parcelado,459.0,142.84,
2018-01,PJ,Adiantamento sobre contratos de câmbio (ACC),53842.0,3.82,
2018-01,PJ,Financiamento a importações,2774.0,7.56,
2018-01,PJ,Financiamento a exportações,95371.0,9.87,
2018-01,PJ,Repasse externo,29442.0,10.81,
2018-01,PJ,Crédito rural,69933.0,9.17,
2018-01,PJ,Financiamento imobiliário,57869.0,11.28,
2018-01,PJ,Financiamento com recursos do BNDES,478367.0,12.93,
2018-02,Total,Total,3070208.0,26.57,20.09
2018-02,PF,Total,1665440.0,32.79,26.65
2018-02,PF,Cheque especial,25203.0,274.54,
2018-02,PF,Crédito pessoal não consignado,103604.0,125.66,
2018-02,PF,Crédito pessoal consignado,313537.0,26.26,
2018-02,PF,Aquisição de veículos,152193.0,22.47,
2018-02,PF,Cartão de crédito rotativo,35080.0,347.13,
2018-02,PF,Cartão de crédito parcelado,16769.0,175.41,
2018-02,PF,Desconto de cheques,1040.0,50.39,
2018-02,PF,Crédito rural,177458.0,7.81,
2018-02,PF,Financiamento imobiliário,572645.0,8.29,
2018-02,PF,Microcrédito,4104.0,28.96,
2018-02,PJ,Total,1404768.0,17.87,10.9
2018-02,PJ,Desconto de duplicatas e recebíveis,54963.0,20.39,
2018-02,PJ,Capital de giro,291136.0,18.72,
2018-02,PJ,Conta garantida,31049.0,40.4,
2018-02,PJ,Cheque especial,10365.0,331.18,
2018-02,PJ,Aquisição de veículos,17963.0,16.0,
2018-02,PJ,Vendor,3869.0,13.83,
2018-02,PJ,Compror,11389.0,15.84,
2018-02,PJ,Cartão de crédito rotativo,1663.0,315.25,
2018-02,PJ,Cartão de crédito parcelado,450.0,146.73,
2018-02,PJ,Adiantamento sobre contratos de câmbio (ACC),56758.0,3.45,
2018-02,PJ,Financiamento a importações,3056.0,11.27,
2018-02,PJ,Financiamento a exportações,95606.0,10.52,
2018-02,PJ,Repasse externo,30264.0,11.08,
2018-02,PJ,Crédito rural,70495.0,9.03,
2018-02,PJ,Financiamento imobiliário,56945.0,11.43,
2018-02,PJ,Financiamento com recursos do BNDES,472278.0,13.55,
2018-03,Total,Total,3090092.0,25.89,19.64
2018-03,PF,Total,1674850.0,32.54,26.59
2018-03,PF,Cheque especial,24132.0,276.12,
2018-03,PF,Crédito pessoal não consignado,105090.0,124.99,
2018-03,PF,Crédito pessoal consignado,315822.0,26.11,
2018-03,PF,Aquisição de veículos,154022.0,21.75,
2018-03,PF,Cartão de crédito rotativo,33870.0,348.59,
2018-03,PF,Cartão de crédito parcelado,17214.0,170.37,
2018-03,PF,Desconto de cheques,1045.0,49.05,
2018-03,PF,Crédito rural,178923.0,7.8,
2018-03,PF,Financiamento imobiliário,574804.0,8.17,
2018-03,PF,Microcrédito,4070.0,28.91,
2018-03,PJ,Total,1415241.0,16.55,9.88
2018-03,PJ,Desconto de duplicatas e recebíveis,61042.0,19.22,
2018-03,PJ,Capital de giro,290876.0,17.48,
2018-03,PJ,Conta garantida,30595.0,39.94,
2018-03,PJ,Cheque especial,9779.0,332.09,
2018-03,PJ,Aquisição de veículos,18883.0,15.37,
2018-03,PJ,Vendor,3765.0,13.12,
2018-03,PJ,Compror,12203.0,15.52,
2018-03,PJ,Cartão de crédito rotativo,1726.0,316.61,
2018-03,PJ,Cartão de crédito parcelado,450.0,144.17,
2018-03,PJ,Adiantamento sobre contratos de câmbio (ACC),61616.0,3.73,
2018-03,PJ,Financiamento a importações,3334.0,9.7,
2018-03,PJ,Financiamento a exportações,97315.0,9.71,
2018-03,PJ,Repasse externo,31039.0,10.32,
2018-03,PJ,Crédito rural,72278.0,8.61,
2018-03,PJ,Financiamento imobiliário,55774.0,11.85,
2018-03,PJ,Financiamento com recursos do BNDES,466912.0,11.16,
2018-04,Total,Total,3099540.0,25.62,19.4
2018-04,PF,Total,1685171.0,32.49,26.56
2018-04,PF,Cheque especial,24619.0,274.09,
2018-04,PF,Crédito pessoal não consignado,105932.0,125.0,
2018-04,PF,Crédito pessoal consignado,317679.0,25.78,
2018-04,PF,Aquisição de veículos,155556.0,21.53,
2018-04,PF,Cartão de crédito rotativo,34871.0,349.69,
2018-04,PF,Cartão de crédito parcelado,17381.0,171.85,
2018-04,PF,Desconto de cheques,1019.0,48.47,
2018-04,PF,Crédito rural,179627.0,7.79,
2018-04,PF,Financiamento imobiliário,576886.0,8.17,
2018-04,PF,Microcrédito,4061.0,29.15,
2018-04,PJ,Total,1414369.0,15.95,9.31
2018-04,PJ,Desconto de duplicatas e recebíveis,57269.0,18.82,
2018-04,PJ,Capital de giro,291179.0,17.06,
2018-04,PJ,Conta garantida,30366.0,40.08,
2018-04,PJ,Cheque especial,9956.0,332.67,
2018-04,PJ,Aquisição de veículos,19792.0,15.0,
2018-04,PJ,Vendor,3400.0,12.43,
2018-04,PJ,Compror,12408.0,14.85,
2018-04,PJ,Cartão de crédito rotativo,1606.0,317.29,
2018-04,PJ,Cartão de crédito parcelado,440.0,144.64,
2018-04,PJ,Adiantamento sobre contratos de câmbio (ACC),66263.0,4.0,
2018-04,PJ,Financiamento a importações,3398.0,6.68,
2018-04,PJ,Financiamento a exportações,97144.0,9.67,
2018-04,PJ,Repasse externo,33009.0,11.55,
2018-04,PJ,Crédito rural,73734.0,7.62,
2018-04,PJ,Financiamento imobiliário,54595.0,11.5,
2018-04,PJ,Financiamento com recursos do BNDES,462682.0,10.02,
2018-05,Total,Total,3113095.0,24.65,18.18
2018-05,PF,Total,1694157.0,30.91,24.72
2018-05,PF,Cheque especial,24199.0,266.29,
2018-05,PF,Crédito pessoal não consignado,107062.0,114.84,
2018-05,PF,Crédito pessoal consignado,320618.0,25.53,
2018-05,PF,Aquisição de veículos,156850.0,21.49,
2018-05,PF,Cartão de crédito rotativo,34209.0,315.35,
2018-05,PF,Cartão de crédito parcelado,17698.0,165.49,
2018-05,PF,Desconto de cheques,998.0,48.4,
2018-05,PF,Crédito rural,179672.0,7.75,
2018-05,PF,Financiamento imobiliário,579145.0,8.05,
2018-05,PF,Microcrédito,4126.0,28.51,
2018-05,PJ,Total,1418938.0,15.79,8.93
2018-05,PJ,Desconto de duplicatas e recebíveis,57345.0,18.61,
2018-05,PJ,Capital de giro,290056.0,17.72,
2018-05,PJ,Conta garantida,30351.0,39.29,
2018-05,PJ,Cheque especial,9513.0,332.28,
2018-05,PJ,Aquisição de veículos,20616.0,15.16,
2018-05,PJ,Vendor,2871.0,13.21,
2018-05,PJ,Compror,11781.0,14.42,
2018-05,PJ,Cartão de crédito rotativo,1560.0,296.02,
2018-05,PJ,Cartão de crédito parcelado,435.0,146.41,
2018-05,PJ,Adiantamento sobre contratos de câmbio (ACC),68154.0,4.11,
2018-05,PJ,Financiamento a importações,3502.0,12.78,
2018-05,PJ,Financiamento a exportações,101641.0,9.64,
2018-05,PJ,Repasse externo,34719.0,9.82,
2018-05,PJ,Crédito rural,74610.0,9.14,
2018-05,PJ,Financiamento imobiliário,53055.0,11.61,
2018-05,PJ,Financiamento com recursos do BNDES,462444.0,9.32,
2018-06,Total,Total,3134300.0,24.32,17.32
2018-06,PF,Total,1702054.0,30.48,23.77
2018-06,PF,Cheque especial,23963.0,260.44,
2018-06,PF,Crédito pessoal não consignado,108135.0,114.85,
2018-06,PF,Crédito pessoal consignado,322937.0,25.07,
2018-06,PF,Aquisição de veículos,157675.0,21.96,
2018-06,PF,Cartão de crédito rotativo,34646.0,297.91,
2018-06,PF,Cartão de crédito parcelado,18018.0,168.13,
2018-06,PF,Desconto de cheques,1003.0,51.08,
2018-06,PF,Crédito rural,180339.0,7.63,
2018-06,PF,Financiamento imobiliário,581956.0,8.04,
2018-06,PF,Microcrédito,4281.0,28.68,
2018-06,PJ,Total,1432246.0,15.59,8.19
2018-06,PJ,Desconto de duplicatas e recebíveis,66433.0,18.27,
2018-06,PJ,Capital de giro,289934.0,18.11,
2018-06,PJ,Conta garantida,30127.0,38.83,
2018-06,PJ,Cheque especial,9493.0,331.97,
2018-06,PJ,Aquisição de veículos,21283.0,15.82,
2018-06,PJ,Vendor,2601.0,13.93,
2018-06,PJ,Compror,13437.0,14.58,
2018-06,PJ,Cartão de crédito rotativo,2053.0,228.01,
2018-06,PJ,Cartão de crédito parcelado,434.0,146.15,
2018-06,PJ,Adiantamento sobre contratos de câmbio (ACC),66579.0,4.24,
2018-06,PJ,Financiamento a importações,3748.0,7.28,
2018-06,PJ,Financiamento a exportações,105264.0,9.22,
2018-06,PJ,Repasse externo,35875.0,10.34,
2018-06,PJ,Crédito rural,74093.0,9.36,
2018-06,PJ,Financiamento imobiliário,52286.0,10.1,
2018-06,PJ,Financiamento com recursos do BNDES,458722.0,9.14,
2018-07,Total,Total,3129787.0,24.15,17.36
2018-07,PF,Total,1709381.0,30.0,23.49
2018-07,PF,Cheque especial,23925.0,258.28,
2018-07,PF,Crédito pessoal não consignado,108367.0,118.72,
2018-07,PF,Crédito pessoal consignado,325034.0,24.92,
2018-07,PF,Aquisição de veículos,158832.0,22.34,
2018-07,PF,Cartão de crédito rotativo,33735.0,279.97,
2018-07,PF,Cartão de crédito parcelado,18354.0,167.13,
2018-07,PF,Desconto de cheques,977.0,51.1,
2018-07,PF,Crédito rural,177505.0,6.9,
2018-07,PF,Financiamento imobiliário,583772.0,8.0,
2018-07,PF,Microcrédito,4281.0,29.22,
2018-07,PJ,Total,1420406.0,15.86,8.67
2018-07,PJ,Desconto de duplicatas e recebíveis,62414.0,18.69,
2018-07,PJ,Capital de giro,286227.0,18.26,
2018-07,PJ,Conta garantida,30137.0,39.62,
2018-07,PJ,Cheque especial,9324.0,336.05,
2018-07,PJ,Aquisição de veículos,22101.0,15.96,
2018-07,PJ,Vendor,2555.0,13.25,
2018-07,PJ,Compror,13493.0,14.73,
2018-07,PJ,Cartão de crédito rotativo,1600.0,224.75,
2018-07,PJ,Cartão de crédito parcelado,434.0,147.49,
2018-07,PJ,Adiantamento sobre contratos de câmbio (ACC),66151.0,3.73,
2018-07,PJ,Financiamento a importações,3761.0,12.44,
2018-07,PJ,Financiamento a exportações,105527.0,10.5,
2018-07,PJ,Repasse externo,34958.0,8.39,
2018-07,PJ,Crédito rural,76575.0,8.57,
2018-07,PJ,Financiamento imobiliário,51505.0,11.12,
2018-07,PJ,Financiamento com recursos do BNDES,455607.0,9.36,
2018-08,Total,Total,3161546.0,24.1,17.12
2018-08,PF,Total,1727715.0,29.86,23.19
2018-08,PF,Cheque especial,23422.0,257.54,
2018-08,PF,Crédito pessoal não consignado,109755.0,121.44,
2018-08,PF,Crédito pessoal consignado,328118.0,24.59,
2018-08,PF,Aquisição de veículos,161170.0,22.17,
2018-08,PF,Cartão de crédito rotativo,33657.0,283.38,
2018-08,PF,Cartão de crédito parcelado,18764.0,166.73,
2018-08,PF,Desconto de cheques,984.0,51.72,
2018-08,PF,Crédito rural,181934.0,6.59,
2018-08,PF,Financiamento imobiliário,584965.0,7.98,
2018-08,PF,Microcrédito,4321.0,29.22,
2018-08,PJ,Total,1433832.0,15.87,8.45
2018-08,PJ,Desconto de duplicatas e recebíveis,63746.0,18.96,
2018-08,PJ,Capital de giro,286455.0,18.04,
2018-08,PJ,Conta garantida,29245.0,39.83,
2018-08,PJ,Cheque especial,8923.0,341.29,
2018-08,PJ,Aquisição de veículos,23323.0,15.85,
2018-08,PJ,Vendor,2596.0,12.92,
2018-08,PJ,Compror,14556.0,14.58,
2018-08,PJ,Cartão de crédito rotativo,1485.0,244.79,
2018-08,PJ,Cartão de crédito parcelado,435.0,147.69,
2018-08,PJ,Adiantamento sobre contratos de câmbio (ACC),68951.0,4.01,
2018-08,PJ,Financiamento a importações,3782.0,9.66,
2018-08,PJ,Financiamento a exportações,108578.0,10.13,
2018-08,PJ,Repasse externo,38408.0,11.27,
2018-08,PJ,Crédito rural,74832.0,8.61,
2018-08,PJ,Financiamento imobiliário,50376.0,10.96,
2018-08,PJ,Financiamento com recursos do BNDES,458118.0,9.72,
2018-09,Total,Total,3176862.0,24.1,17.04
2018-09,PF,Total,1736442.0,29.8,22.96
2018-09,PF,Cheque especial,22747.0,255.45,
2018-09,PF,Crédito pessoal não consignado,109508.0,122.29,
2018-09,PF,Crédito pessoal consignado,330028.0,24.5,
2018-09,PF,Aquisição de veículos,162820.0,22.17,
2018-09,PF,Cartão de crédito rotativo,33614.0,284.22,
2018-09,PF,Cartão de crédito parcelado,19315.0,164.5,
2018-09,PF,Desconto de cheques,980.0,52.35,
2018-09,PF,Crédito rural,184970.0,6.57,
2018-09,PF,Financiamento imobiliário,589954.0,7.71,
2018-09,PF,Microcrédito,4265.0,36.08,
2018-09,PJ,Total,1440419.0,15.83,8.45
2018-09,PJ,Desconto de duplicatas e recebíveis,72343.0,17.6,
2018-09,PJ,Capital de giro,285727.0,18.62,
2018-09,PJ,Conta garantida,30002.0,39.85,
2018-09,PJ,Cheque especial,9278.0,343.78,
2018-09,PJ,Aquisição de veículos,24367.0,15.92,
2018-09,PJ,Vendor,2433.0,12.59,
2018-09,PJ,Compror,15554.0,14.97,
2018-09,PJ,Cartão de crédito rotativo,2069.0,197.17,
2018-09,PJ,Cartão de crédito parcelado,432.0,146.24,
2018-09,PJ,Adiantamento sobre contratos de câmbio (ACC),68432.0,4.17,
2018-09,PJ,Financiamento a importações,3681.0,2.56,
2018-09,PJ,Financiamento a exportações,109307.0,10.73,
2018-09,PJ,Repasse externo,37054.0,12.62,
2018-09,PJ,Crédito rural,75272.0,9.57,
2018-09,PJ,Financiamento imobiliário,49519.0,10.34,
2018-09,PJ,Financiamento com recursos do BNDES,451176.0,8.93,
2018-10,Total,Total,3172201.0,24.39,17.72
2018-10,PF,Total,1755273.0,29.95,23.64
2018-10,PF,Cheque especial,24368.0,257.37,
2018-10,PF,Crédito pessoal não consignado,111162.0,126.14,
2018-10,PF,Crédito pessoal consignado,332752.0,24.39,
2018-10,PF,Aquisição de veículos,164856.0,22.36,
2018-10,PF,Cartão de crédito rotativo,33622.0,282.56,
2018-10,PF,Cartão de crédito parcelado,19749.0,166.06,
2018-10,PF,Desconto de cheques,968.0,52.61,
2018-10,PF,Crédito rural,186535.0,6.64,
2018-10,PF,Financiamento imobiliário,592611.0,7.78,
2018-10,PF,Microcrédito,4298.0,36.02,
2018-10,PJ,Total,1416929.0,16.19,9.0
2018-10,PJ,Desconto de duplicatas e recebíveis,67014.0,21.07,
2018-10,PJ,Capital de giro,287393.0,17.44,
2018-10,PJ,Conta garantida,29782.0,40.24,
2018-10,PJ,Cheque especial,9320.0,349.07,
2018-10,PJ,Aquisição de veículos,25437.0,15.8,
2018-10,PJ,Vendor,2591.0,12.38,
2018-10,PJ,Compror,14811.0,14.84,
2018-10,PJ,Cartão de crédito rotativo,1568.0,217.68,
2018-10,PJ,Cartão de crédito parcelado,437.0,145.72,
2018-10,PJ,Adiantamento sobre contratos de câmbio (ACC),69161.0,4.14,
2018-10,PJ,Financiamento a importações,3158.0,6.67,
2018-10,PJ,Financiamento a exportações,107120.0,10.47,
2018-10,PJ,Repasse externo,34202.0,10.36,
2018-10,PJ,Crédito rural,72451.0,8.67,
2018-10,PJ,Financiamento imobiliário,48220.0,10.95,
2018-10,PJ,Financiamento com recursos do BNDES,442982.0,9.92,
2018-11,Total,Total,3210680.0,24.37,17.91
2018-11,PF,Total,1783344.0,29.99,23.9
2018-11,PF,Cheque especial,24029.0,261.28,
2018-11,PF,Crédito pessoal não consignado,112589.0,123.07,
2018-11,PF,Crédito pessoal consignado,334589.0,24.37,
2018-11,PF,Aquisição de veículos,167579.0,21.68,
2018-11,PF,Cartão de crédito rotativo,35028.0,288.37,
2018-11,PF,Cartão de crédito parcelado,20118.0,161.56,
2018-11,PF,Desconto de cheques,1010.0,51.13,
2018-11,PF,Crédito rural,188509.0,6.81,
2018-11,PF,Financiamento imobiliário,595382.0,7.86,
2018-11,PF,Microcrédito,4391.0,35.86,
2018-11,PJ,Total,1427335.0,15.97,8.95
2018-11,PJ,Desconto de duplicatas e recebíveis,72779.0,19.86,
2018-11,PJ,Capital de giro,290620.0,17.19,
2018-11,PJ,Conta garantida,30801.0,39.59,
2018-11,PJ,Cheque especial,9631.0,342.3,
2018-11,PJ,Aquisição de veículos,26586.0,15.1,
2018-11,PJ,Vendor,3061.0,11.7,
2018-11,PJ,Compror,15637.0,14.11,
2018-11,PJ,Cartão de crédito rotativo,1521.0,232.27,
2018-11,PJ,Cartão de crédito parcelado,444.0,145.18,
2018-11,PJ,Adiantamento sobre contratos de câmbio (ACC),67831.0,4.61,
2018-11,PJ,Financiamento a importações,3103.0,12.35,
2018-11,PJ,Financiamento a exportações,107176.0,10.5,
2018-11,PJ,Repasse externo,35050.0,10.96,
2018-11,PJ,Crédito rural,71267.0,9.03,
2018-11,PJ,Financiamento imobiliário,47110.0,10.5,
2018-11,PJ,Financiamento com recursos do BNDES,442502.0,9.34,
2018-12,Total,Total,3263335.0,23.04,16.72
2018-12,PF,Total,1801739.0,28.63,22.66
2018-12,PF,Cheque especial,21974.0,261.83,
2018-12,PF,Crédito pessoal não consignado,113155.0,107.42,
2018-12,PF,Crédito pessoal consignado,335650.0,24.27,
2018-12,PF,Aquisição de veículos,170287.0,21.68,
2018-12,PF,Cartão de crédito rotativo,34366.0,292.86,
2018-12,PF,Cartão de crédito parcelado,20206.0,158.91,
2018-12,PF,Desconto de cheques,1014.0,53.49,
2018-12,PF,Crédito rural,190838.0,7.04,
2018-12,PF,Financiamento imobiliário,598331.0,7.85,
2018-12,PF,Microcrédito,4604.0,35.6,
2018-12,PJ,Total,1461595.0,14.84,8.0
2018-12,PJ,Desconto de duplicatas e recebíveis,91491.0,16.29,
2018-12,PJ,Capital de giro,296063.0,16.69,
2018-12,PJ,Conta garantida,29739.0,38.6,
2018-12,PJ,Cheque especial,8780.0,343.03,
2018-12,PJ,Aquisição de veículos,27944.0,14.79,
2018-12,PJ,Vendor,3622.0,11.16,
2018-12,PJ,Compror,17770.0,14.53,
2018-12,PJ,Cartão de crédito rotativo,2053.0,195.88,
2018-12,PJ,Cartão de crédito parcelado,445.0,147.46,
2018-12,PJ,Adiantamento sobre contratos de câmbio (ACC),68392.0,4.4,
2018-12,PJ,Financiamento a importações,3254.0,6.23,
2018-12,PJ,Financiamento a exportações,106300.0,9.36,
2018-12,PJ,Repasse externo,35072.0,9.17,
2018-12,PJ,Crédito rural,70451.0,9.03,
2018-12,PJ,Financiamento imobiliário,45936.0,10.19,
2018-12,PJ,Financiamento com recursos do BNDES,444262.0,8.45,
2019-01,Total,Total,3235610.0,24.47,18.3
2019-01,PF,Total,1812785.0,29.99,24.19
2019-01,PF,Cheque especial,24156.0,267.25,
2019-01,PF,Crédito pessoal não consignado,115710.0,116.38,
2019-01,PF,Crédito pessoal consignado,339130.0,24.28,
2019-01,PF,Aquisição de veículos,172914.0,22.36,
2019-01,PF,Cartão de crédito rotativo,35279.0,288.58,
2019-01,PF,Cartão de crédito parcelado,20658.0,163.07,
2019-01,PF,Desconto de cheques,1010.0,50.89,
2019-01,PF,Crédito rural,190868.0,6.43,
2019-01,PF,Financiamento imobiliário,598348.0,8.31,
2019-01,PF,Microcrédito,4614.0,35.53,
2019-01,PJ,Total,1422825.0,16.26,9.55
2019-01,PJ,Desconto de duplicatas e recebíveis,72377.0,21.65,
2019-01,PJ,Capital de giro,293860.0,17.79,
2019-01,PJ,Conta garantida,30467.0,38.8,
2019-01,PJ,Cheque especial,9755.0,347.21,
2019-01,PJ,Aquisição de veículos,28526.0,15.47,
2019-01,PJ,Vendor,3398.0,12.18,
2019-01,PJ,Compror,14821.0,14.91,
2019-01,PJ,Cartão de crédito rotativo,1424.0,197.44,
2019-01,PJ,Cartão de crédito parcelado,465.0,150.74,
2019-01,PJ,Adiantamento sobre contratos de câmbio (ACC),68587.0,4.5,
2019-01,PJ,Financiamento a importações,3292.0,6.33,
2019-01,PJ,Financiamento a exportações,107108.0,8.0,
2019-01,PJ,Repasse externo,33120.0,10.65,
2019-01,PJ,Crédito rural,68791.0,8.86,
2019-01,PJ,Financiamento imobiliário,44639.0,10.95,
2019-01,PJ,Financiamento com recursos do BNDES,434954.0,10.31,
2019-02,Total,Total,3246698.0,24.77,18.68
2019-02,PF,Total,1822145.0,30.62,24.87
2019-02,PF,Cheque especial,24860.0,265.57,
2019-02,PF,Crédito pessoal não consignado,117521.0,122.44,
2019-02,PF,Crédito pessoal consignado,343392.0,24.24,
2019-02,PF,Aquisição de veículos,175044.0,22.01,
2019-02,PF,Cartão de crédito rotativo,36909.0,297.11,
2019-02,PF,Cartão de crédito parcelado,21301.0,170.47,
2019-02,PF,Desconto de cheques,1032.0,51.87,
2019-02,PF,Crédito rural,191281.0,6.48,
2019-02,PF,Financiamento imobiliário,602171.0,7.71,
2019-02,PF,Microcrédito,4608.0,35.51,
2019-02,PJ,Total,1424553.0,15.91,9.29
2019-02,PJ,Desconto de duplicatas e recebíveis,72547.0,20.88,
2019-02,PJ,Capital de giro,288898.0,17.28,
2019-02,PJ,Conta garantida,30772.0,37.65,
2019-02,PJ,Cheque especial,10018.0,346.38,
2019-02,PJ,Aquisição de veículos,29742.0,14.97,
2019-02,PJ,Vendor,3586.0,12.06,
2019-02,PJ,Compror,14926.0,14.42,
2019-02,PJ,Cartão de crédito rotativo,1485.0,189.4,
2019-02,PJ,Cartão de crédito parcelado,477.0,149.1,
2019-02,PJ,Adiantamento sobre contratos de câmbio (ACC),69852.0,4.72,
2019-02,PJ,Financiamento a importações,3351.0,7.98,
2019-02,PJ,Financiamento a exportações,110179.0,8.16,
2019-02,PJ,Repasse externo,33846.0,9.83,
2019-02,PJ,Crédito rural,67230.0,8.81,
2019-02,PJ,Financiamento imobiliário,44816.0,10.35,
2019-02,PJ,Financiamento com recursos do BNDES,433440.0,10.22,
2019-03,Total,Total,3272242.0,25.04,18.89
2019-03,PF,Total,1835214.0,31.09,25.34
2019-03,PF,Cheque especial,24469.0,271.74,
2019-03,PF,Crédito pessoal não consignado,119412.0,123.68,
2019-03,PF,Crédito pessoal consignado,346948.0,23.79,
2019-03,PF,Aquisição de veículos,176740.0,21.38,
2019-03,PF,Cartão de crédito rotativo,36243.0,301.08,
2019-03,PF,Cartão de crédito parcelado,22057.0,178.46,
2019-03,PF,Desconto de cheques,1022.0,50.63,
2019-03,PF,Crédito rural,192007.0,6.68,
2019-03,PF,Financiamento imobiliário,605213.0,7.8,
2019-03,PF,Microcrédito,4592.0,35.61,
2019-03,PJ,Total,1437028.0,15.88,9.12
2019-03,PJ,Desconto de duplicatas e recebíveis,81767.0,18.81,
2019-03,PJ,Capital de giro,290677.0,17.29,
2019-03,PJ,Conta garantida,31779.0,36.81,
2019-03,PJ,Cheque especial,10054.0,346.61,
2019-03,PJ,Aquisição de veículos,31318.0,14.21,
2019-03,PJ,Vendor,3716.0,12.33,
2019-03,PJ,Compror,15988.0,14.26,
2019-03,PJ,Cartão de crédito rotativo,1930.0,128.49,
2019-03,PJ,Cartão de crédito parcelado,497.0,158.27,
2019-03,PJ,Adiantamento sobre contratos de câmbio (ACC),72860.0,4.17,
2019-03,PJ,Financiamento a importações,3245.0,7.92,
2019-03,PJ,Financiamento a exportações,104104.0,8.84,
2019-03,PJ,Repasse externo,35033.0,10.17,
2019-03,PJ,Crédito rural,65933.0,8.94,
2019-03,PJ,Financiamento imobiliário,44232.0,10.75,
2019-03,PJ,Financiamento com recursos do BNDES,431813.0,10.2,
2019-04,Total,Total,3271867.0,25.13,18.99
2019-04,PF,Total,1851479.0,31.09,25.32
2019-04,PF,Cheque especial,25681.0,275.15,
2019-04,PF,Crédito pessoal não consignado,121332.0,126.9,
2019-04,PF,Crédito pessoal consignado,350717.0,23.53,
2019-04,PF,Aquisição de veículos,179073.0,21.26,
2019-04,PF,Cartão de crédito rotativo,37304.0,298.17,
2019-04,PF,Cartão de crédito parcelado,22598.0,170.84,
2019-04,PF,Desconto de cheques,1007.0,50.6,
2019-04,PF,Crédito rural,191735.0,6.75,
2019-04,PF,Financiamento imobiliário,607564.0,7.82,
2019-04,PF,Microcrédito,4696.0,35.58,
2019-04,PJ,Total,1420388.0,15.97,9.25
2019-04,PJ,Desconto de duplicatas e recebíveis,73911.0,20.72,
2019-04,PJ,Capital de giro,291718.0,17.34,
2019-04,PJ,Conta garantida,31494.0,39.6,
2019-04,PJ,Cheque especial,10301.0,349.38,
2019-04,PJ,Aquisição de veículos,33099.0,13.82,
2019-04,PJ,Vendor,3611.0,12.31,
2019-04,PJ,Compror,14586.0,14.12,
2019-04,PJ,Cartão de crédito rotativo,1490.0,178.74,
2019-04,PJ,Cartão de crédito parcelado,508.0,154.07,
2019-04,PJ,Adiantamento sobre contratos de câmbio (ACC),72283.0,4.41,
2019-04,PJ,Financiamento a importações,3175.0,8.02,
2019-04,PJ,Financiamento a exportações,105315.0,8.55,
2019-04,PJ,Repasse externo,35005.0,8.63,
2019-04,PJ,Crédito rural,64500.0,8.7,
2019-04,PJ,Financiamento imobiliário,43182.0,10.27,
2019-04,PJ,Financiamento com recursos do BNDES,427587.0,9.87,
2019-05,Total,Total,3291074.0,24.95,18.86
2019-05,PF,Total,1869587.0,30.94,25.21
2019-05,PF,Cheque especial,25431.0,272.65,
2019-05,PF,Crédito pessoal não consignado,124175.0,119.94,
2019-05,PF,Crédito pessoal consignado,354956.0,23.34,
2019-05,PF,Aquisição de veículos,181727.0,21.1,
2019-05,PF,Cartão de crédito rotativo,37486.0,299.81,
2019-05,PF,Cartão de crédito parcelado,23483.0,174.11,
2019-05,PF,Desconto de cheques,1026.0,48.11,
2019-05,PF,Crédito rural,192029.0,6.85,
2019-05,PF,Financiamento imobiliário,610527.0,7.85,
2019-05,PF,Microcrédito,4856.0,35.02,
2019-05,PJ,Total,1421487.0,15.7,9.07
2019-05,PJ,Desconto de duplicatas e recebíveis,75690.0,18.66,
2019-05,PJ,Capital de giro,295010.0,16.97,
2019-05,PJ,Conta garantida,31090.0,39.87,
2019-05,PJ,Cheque especial,9863.0,348.71,
2019-05,PJ,Aquisição de veículos,35105.0,13.85,
2019-05,PJ,Vendor,2989.0,12.58,
2019-05,PJ,Compror,14515.0,13.93,
2019-05,PJ,Cartão de crédito rotativo,1535.0,173.44,
2019-05,PJ,Cartão de crédito parcelado,534.0,157.46,
2019-05,PJ,Adiantamento sobre contratos de câmbio (ACC),73749.0,4.1,
2019-05,PJ,Financiamento a importações,3260.0,7.19,
2019-05,PJ,Financiamento a exportações,106426.0,8.6,
2019-05,PJ,Repasse externo,35533.0,9.44,
2019-05,PJ,Crédito rural,61023.0,9.06,
2019-05,PJ,Financiamento imobiliário,41856.0,10.55,
2019-05,PJ,Financiamento com recursos do BNDES,423423.0,9.76,
2019-06,Total,Total,3301500.0,24.83,19.13
2019-06,PF,Total,1881250.0,31.1,25.71
2019-06,PF,Cheque especial,25804.0,272.51,
2019-06,PF,Crédito pessoal não consignado,125953.0,120.12,
2019-06,PF,Crédito pessoal consignado,358316.0,22.97,
2019-06,PF,Aquisição de veículos,184080.0,20.8,
2019-06,PF,Cartão de crédito rotativo,38457.0,300.56,
2019-06,PF,Cartão de crédito parcelado,23962.0,175.58,
2019-06,PF,Desconto de cheques,1034.0,48.56,
2019-06,PF,Crédito rural,192666.0,7.12,
2019-06,PF,Financiamento imobiliário,614880.0,7.74,
2019-06,PF,Microcrédito,5031.0,35.17,
2019-06,PJ,Total,1420250.0,15.01,8.82
2019-06,PJ,Desconto de duplicatas e recebíveis,87759.0,17.66,
2019-06,PJ,Capital de giro,297337.0,16.12,
2019-06,PJ,Conta garantida,32718.0,38.62,
2019-06,PJ,Cheque especial,10361.0,347.04,
2019-06,PJ,Aquisição de veículos,36885.0,13.59,
2019-06,PJ,Vendor,2579.0,13.1,
2019-06,PJ,Compror,16446.0,14.53,
2019-06,PJ,Cartão de crédito rotativo,2606.0,100.12,
2019-06,PJ,Cartão de crédito parcelado,550.0,155.75,
2019-06,PJ,Adiantamento sobre contratos de câmbio (ACC),71228.0,3.56,
2019-06,PJ,Financiamento a importações,3240.0,6.43,
2019-06,PJ,Financiamento a exportações,102885.0,8.42,
2019-06,PJ,Repasse externo,33787.0,8.95,
2019-06,PJ,Crédito rural,57532.0,8.37,
2019-06,PJ,Financiamento imobiliário,40579.0,10.63,
2019-06,PJ,Financiamento com recursos do BNDES,411046.0,9.05,
2019-07,Total,Total,3296089.0,24.71,19.34
2019-07,PF,Total,1898176.0,30.8,25.69
2019-07,PF,Cheque especial,26124.0,269.56,
2019-07,PF,Crédito pessoal não consignado,126705.0,119.2,
2019-07,PF,Crédito pessoal consignado,362868.0,22.72,
2019-07,PF,Aquisição de veículos,185810.0,20.34,
2019-07,PF,Cartão de crédito rotativo,38257.0,300.41,
2019-07,PF,Cartão de crédito parcelado,24395.0,175.24,
2019-07,PF,Desconto de cheques,1017.0,46.85,
2019-07,PF,Crédito rural,189716.0,7.41,
2019-07,PF,Financiamento imobiliário,618102.0,7.81,
2019-07,PF,Microcrédito,5208.0,34.62,
2019-07,PJ,Total,1397913.0,15.11,9.33
2019-07,PJ,Desconto de duplicatas e recebíveis,80746.0,19.26,
2019-07,PJ,Capital de giro,296996.0,16.04,
2019-07,PJ,Conta garantida,32547.0,38.45,
2019-07,PJ,Cheque especial,9900.0,347.08,
2019-07,PJ,Aquisição de veículos,38495.0,13.35,
2019-07,PJ,Vendor,2478.0,12.47,
2019-07,PJ,Compror,15479.0,14.28,
2019-07,PJ,Cartão de crédito rotativo,2567.0,129.44,
2019-07,PJ,Cartão de crédito parcelado,582.0,156.33,
2019-07,PJ,Adiantamento sobre contratos de câmbio (ACC),67492.0,3.8,
2019-07,PJ,Financiamento a importações,3141.0,6.17,
2019-07,PJ,Financiamento a exportações,103143.0,8.54,
2019-07,PJ,Repasse externo,33047.0,8.38,
2019-07,PJ,Crédito rural,56459.0,7.99,
2019-07,PJ,Financiamento imobiliário,39747.0,10.31,
2019-07,PJ,Financiamento com recursos do BNDES,405069.0,8.26,
2019-08,Total,Total,3332876.0,24.82,19.5
2019-08,PF,Total,1920681.0,30.93,25.92
2019-08,PF,Cheque especial,26144.0,255.42,
2019-08,PF,Crédito pessoal não consignado,127712.0,116.6,
2019-08,PF,Crédito pessoal consignado,367051.0,22.49,
2019-08,PF,Aquisição de veículos,189657.0,20.1,
2019-08,PF,Cartão de crédito rotativo,39897.0,306.21,
2019-08,PF,Cartão de crédito parcelado,24800.0,177.29,
2019-08,PF,Desconto de cheques,1032.0,47.69,
2019-08,PF,Crédito rural,194064.0,7.19,
2019-08,PF,Financiamento imobiliário,620225.0,8.3,
2019-08,PF,Microcrédito,5327.0,36.44,
2019-08,PJ,Total,1412195.0,14.98,9.15
2019-08,PJ,Desconto de duplicatas e recebíveis,83737.0,17.9,
2019-08,PJ,Capital de giro,298483.0,16.43,
2019-08,PJ,Conta garantida,31910.0,38.1,
2019-08,PJ,Cheque especial,9979.0,327.06,
2019-08,PJ,Aquisição de veículos,40693.0,12.89,
2019-08,PJ,Vendor,2430.0,11.53,
2019-08,PJ,Compror,15770.0,13.56,
2019-08,PJ,Cartão de crédito rotativo,1940.0,153.02,
2019-08,PJ,Cartão de crédito parcelado,602.0,154.95,
2019-08,PJ,Adiantamento sobre contratos de câmbio (ACC),68515.0,3.82,
2019-08,PJ,Financiamento a importações,3614.0,8.75,
2019-08,PJ,Financiamento a exportações,105864.0,8.67,
2019-08,PJ,Repasse externo,35749.0,9.27,
2019-08,PJ,Crédito rural,56057.0,7.82,
2019-08,PJ,Financiamento imobiliário,38835.0,9.78,
2019-08,PJ,Financiamento com recursos do BNDES,406365.0,8.5,
2019-09,Total,Total,3368627.0,24.04,18.88
2019-09,PF,Total,1940168.0,30.22,25.31
2019-09,PF,Cheque especial,26368.0,245.65,
2019-09,PF,Crédito pessoal não consignado,128675.0,112.9,
2019-09,PF,Crédito pessoal consignado,372156.0,21.66,
2019-09,PF,Aquisição de veículos,192489.0,19.79,
2019-09,PF,Cartão de crédito rotativo,41109.0,306.99,
2019-09,PF,Cartão de crédito parcelado,24863.0,178.24,
2019-09,PF,Desconto de cheques,1026.0,46.82,
2019-09,PF,Crédito rural,197140.0,7.37,
2019-09,PF,Financiamento imobiliário,624421.0,7.64,
2019-09,PF,Microcrédito,5388.0,35.38,
2019-09,PJ,Total,1428459.0,14.1,8.52
2019-09,PJ,Desconto de duplicatas e recebíveis,94548.0,16.22,
2019-09,PJ,Capital de giro,297360.0,15.68,
2019-09,PJ,Conta garantida,32200.0,38.6,
2019-09,PJ,Cheque especial,10442.0,299.02,
2019-09,PJ,Aquisição de veículos,42644.0,12.55,
2019-09,PJ,Vendor,2261.0,10.46,
2019-09,PJ,Compror,17227.0,13.33,
2019-09,PJ,Cartão de crédito rotativo,2127.0,120.03,
2019-09,PJ,Cartão de crédito parcelado,625.0,152.32,
2019-09,PJ,Adiantamento sobre contratos de câmbio (ACC),69964.0,3.55,
2019-09,PJ,Financiamento a importações,3795.0,6.6,
2019-09,PJ,Financiamento a exportações,106185.0,8.18,
2019-09,PJ,Repasse externo,36292.0,7.95,
2019-09,PJ,Crédito rural,56631.0,7.28,
2019-09,PJ,Financiamento imobiliário,37910.0,10.19,
2019-09,PJ,Financiamento com recursos do BNDES,402369.0,8.28,
2019-10,Total,Total,3380207.0,23.55,18.77
2019-10,PF,Total,1963605.0,29.45,24.87
2019-10,PF,Cheque especial,26382.0,260.41,
2019-10,PF,Crédito pessoal não consignado,130769.0,98.55,
2019-10,PF,Crédito pessoal consignado,377084.0,21.2,
2019-10,PF,Aquisição de veículos,196124.0,19.65,
2019-10,PF,Cartão de crédito rotativo,40662.0,315.48,
2019-10,PF,Cartão de crédito parcelado,25010.0,173.58,
2019-10,PF,Desconto de cheques,1013.0,46.5,
2019-10,PF,Crédito rural,199207.0,7.33,
2019-10,PF,Financiamento imobiliário,629061.0,7.4,
2019-10,PF,Microcrédito,5582.0,35.18,
2019-10,PJ,Total,1416602.0,14.02,8.92
2019-10,PJ,Desconto de duplicatas e recebíveis,89207.0,17.01,
2019-10,PJ,Capital de giro,299352.0,15.14,
2019-10,PJ,Conta garantida,31612.0,38.6,
2019-10,PJ,Cheque especial,9929.0,313.57,
2019-10,PJ,Aquisição de veículos,45488.0,12.37,
2019-10,PJ,Vendor,2347.0,10.55,
2019-10,PJ,Compror,15858.0,12.48,
2019-10,PJ,Cartão de crédito rotativo,1376.0,191.65,
2019-10,PJ,Cartão de crédito parcelado,649.0,147.98,
2019-10,PJ,Adiantamento sobre contratos de câmbio (ACC),66089.0,3.61,
2019-10,PJ,Financiamento a importações,3686.0,5.46,
2019-10,PJ,Financiamento a exportações,107476.0,7.67,
2019-10,PJ,Repasse externo,35041.0,7.91,
2019-10,PJ,Crédito rural,57153.0,7.22,
2019-10,PJ,Financiamento imobiliário,37124.0,10.21,
2019-10,PJ,Financiamento com recursos do BNDES,396296.0,7.77,
2019-11,Total,Total,3423180.0,23.63,18.92
2019-11,PF,Total,1986910.0,29.71,25.21
2019-11,PF,Cheque especial,25500.0,263.98,
2019-11,PF,Crédito pessoal não consignado,132502.0,102.31,
2019-11,PF,Crédito pessoal consignado,379314.0,20.84,
2019-11,PF,Aquisição de veículos,199841.0,19.29,
2019-11,PF,Cartão de crédito rotativo,41569.0,315.93,
2019-11,PF,Cartão de crédito parcelado,24920.0,177.77,
2019-11,PF,Desconto de cheques,1040.0,46.87,
2019-11,PF,Crédito rural,201236.0,7.09,
2019-11,PF,Financiamento imobiliário,633599.0,7.24,
2019-11,PF,Microcrédito,5815.0,33.74,
2019-11,PJ,Total,1436270.0,13.74,8.67
2019-11,PJ,Desconto de duplicatas e recebíveis,95728.0,15.87,
2019-11,PJ,Capital de giro,304459.0,15.11,
2019-11,PJ,Conta garantida,32761.0,37.43,
2019-11,PJ,Cheque especial,10340.0,317.75,
2019-11,PJ,Aquisição de veículos,47874.0,11.96,
2019-11,PJ,Vendor,2494.0,10.02,
2019-11,PJ,Compror,16432.0,12.51,
2019-11,PJ,Cartão de crédito rotativo,1509.0,181.93,
2019-11,PJ,Cartão de crédito parcelado,670.0,153.07,
2019-11,PJ,Adiantamento sobre contratos de câmbio (ACC),66134.0,3.47,
2019-11,PJ,Financiamento a importações,3808.0,5.81,
2019-11,PJ,Financiamento a exportações,109319.0,7.43,
2019-11,PJ,Repasse externo,36136.0,8.4,
2019-11,PJ,Crédito rural,56549.0,6.71,
2019-11,PJ,Financiamento imobiliário,35637.0,9.71,
2019-11,PJ,Financiamento com recursos do BNDES,394320.0,7.38,
2019-12,Total,Total,3475816.0,22.63,17.88
2019-12,PF,Total,2015994.0,28.28,23.82
2019-12,PF,Cheque especial,24151.0,247.56,
2019-12,PF,Crédito pessoal não consignado,132280.0,94.57,
2019-12,PF,Crédito pessoal consignado,383811.0,20.54,
2019-12,PF,Aquisição de veículos,203586.0,19.15,
2019-12,PF,Cartão de crédito rotativo,41267.0,316.91,
2019-12,PF,Cartão de crédito parcelado,24542.0,175.81,
2019-12,PF,Desconto de cheques,1042.0,47.12,
2019-12,PF,Crédito rural,204421.0,6.9,
2019-12,PF,Financiamento imobiliário,638138.0,7.25,
2019-12,PF,Microcrédito,6153.0,34.88,
2019-12,PJ,Total,1459823.0,13.48,8.27
2019-12,PJ,Desconto de duplicatas e recebíveis,115099.0,14.82,
2019-12,PJ,Capital de giro,310428.0,14.21,
2019-12,PJ,Conta garantida,32824.0,36.06,
2019-12,PJ,Cheque especial,9568.0,310.89,
2019-12,PJ,Aquisição de veículos,50062.0,11.94,
2019-12,PJ,Vendor,3048.0,9.65,
2019-12,PJ,Compror,18744.0,12.3,
2019-12,PJ,Cartão de crédito rotativo,3023.0,121.0,
2019-12,PJ,Cartão de crédito parcelado,697.0,137.2,
2019-12,PJ,Adiantamento sobre contratos de câmbio (ACC),67601.0,3.13,
2019-12,PJ,Financiamento a importações,3613.0,1.3,
2019-12,PJ,Financiamento a exportações,106270.0,7.53,
2019-12,PJ,Repasse externo,34462.0,8.31,
2019-12,PJ,Crédito rural,55550.0,6.84,
2019-12,PJ,Financiamento imobiliário,33894.0,10.16,
2019-12,PJ,Financiamento com recursos do BNDES,382392.0,8.36,
2020-01,Total,Total,3465204.0,23.15,18.43
2020-01,PF,Total,2032571.0,28.12,23.75
2020-01,PF,Cheque especial,25671.0,140.82,
2020-01,PF,Crédito pessoal não consignado,135038.0,103.59,
2020-01,PF,Crédito pessoal consignado,388590.0,21.3,
2020-01,PF,Aquisição de veículos,206975.0,19.73,
2020-01,PF,Cartão de crédito rotativo,42254.0,314.59,
2020-01,PF,Cartão de crédito parcelado,24656.0,184.08,
2020-01,PF,Desconto de cheques,1034.0,45.31,
2020-01,PF,Crédito rural,206194.0,6.86,
2020-01,PF,Financiamento imobiliário,640356.0,7.41,
2020-01,PF,Microcrédito,6169.0,35.9,
2020-01,PJ,Total,1432633.0,14.95,9.66
2020-01,PJ,Desconto de duplicatas e recebíveis,94295.0,17.21,
2020-01,PJ,Capital de giro,311137.0,15.98,
2020-01,PJ,Conta garantida,33406.0,36.34,
2020-01,PJ,Cheque especial,10589.0,290.81,
2020-01,PJ,Aquisição de veículos,51189.0,12.53,
2020-01,PJ,Vendor,2872.0,10.89,
2020-01,PJ,Compror,15209.0,11.99,
2020-01,PJ,Cartão de crédito rotativo,2601.0,221.31,
2020-01,PJ,Cartão de crédito parcelado,713.0,151.39,
2020-01,PJ,Adiantamento sobre contratos de câmbio (ACC),66669.0,3.72,
2020-01,PJ,Financiamento a importações,4258.0,5.93,
2020-01,PJ,Financiamento a exportações,107766.0,6.51,
2020-01,PJ,Repasse externo,35926.0,7.52,
2020-01,PJ,Crédito rural,55475.0,7.38,
2020-01,PJ,Financiamento imobiliário,32981.0,10.0,
2020-01,PJ,Financiamento com recursos do BNDES,380498.0,10.09,
2020-02,Total,Total,3484597.0,23.11,18.62
2020-02,PF,Total,2041600.0,28.71,24.5
2020-02,PF,Cheque especial,26630.0,130.6,
2020-02,PF,Crédito pessoal não consignado,136862.0,106.56,
2020-02,PF,Crédito pessoal consignado,393289.0,21.35,
2020-02,PF,Aquisição de veículos,209001.0,19.4,
2020-02,PF,Cartão de crédito rotativo,43787.0,321.67,
2020-02,PF,Cartão de crédito parcelado,25142.0,186.69,
2020-02,PF,Desconto de cheques,1047.0,43.07,
2020-02,PF,Crédito rural,207329.0,6.8,
2020-02,PF,Financiamento imobiliário,643191.0,7.34,
2020-02,PF,Microcrédito,6197.0,35.44,
2020-02,PJ,Total,1442997.0,13.84,8.9
2020-02,PJ,Desconto de duplicatas e recebíveis,95159.0,15.22,
2020-02,PJ,Capital de giro,313526.0,15.14,
2020-02,PJ,Conta garantida,34813.0,35.32,
2020-02,PJ,Cheque especial,11369.0,320.57,
2020-02,PJ,Aquisição de veículos,52608.0,12.07,
2020-02,PJ,Vendor,2905.0,10.44,
2020-02,PJ,Compror,14886.0,12.12,
2020-02,PJ,Cartão de crédito rotativo,1748.0,168.91,
2020-02,PJ,Cartão de crédito parcelado,736.0,150.88,
2020-02,PJ,Adiantamento sobre contratos de câmbio (ACC),66688.0,3.44,
2020-02,PJ,Financiamento a importações,4114.0,6.69,
2020-02,PJ,Financiamento a exportações,111505.0,6.51,
2020-02,PJ,Repasse externo,38535.0,6.37,
2020-02,PJ,Crédito rural,55558.0,6.66,
2020-02,PJ,Financiamento imobiliário,31968.0,9.69,
2020-02,PJ,Financiamento com recursos do BNDES,377875.0,7.99,
2020-03,Total,Total,3583277.0,22.73,18.03
2020-03,PF,Total,2048038.0,28.33,23.85
2020-03,PF,Cheque especial,25897.0,130.61,
2020-03,PF,Crédito pessoal não consignado,137734.0,94.74,
2020-03,PF,Crédito pessoal consignado,396703.0,21.03,
2020-03,PF,Aquisição de veículos,209310.0,19.76,
2020-03,PF,Cartão de crédito rotativo,41002.0,327.26,
2020-03,PF,Cartão de crédito parcelado,29507.0,188.94,
2020-03,PF,Desconto de cheques,993.0,41.0,
2020-03,PF,Crédito rural,208325.0,6.85,
2020-03,PF,Financiamento imobiliário,647763.0,7.15,
2020-03,PF,Microcrédito,6150.0,35.32,
2020-03,PJ,Total,1535239.0,13.72,8.68
2020-03,PJ,Desconto de duplicatas e recebíveis,107306.0,14.48,
2020-03,PJ,Capital de giro,327112.0,14.97,
2020-03,PJ,Conta garantida,37067.0,37.97,
2020-03,PJ,Cheque especial,10884.0,312.07,
2020-03,PJ,Aquisição de veículos,54261.0,11.48,
2020-03,PJ,Vendor,3012.0,10.47,
2020-03,PJ,Compror,16358.0,11.41,
2020-03,PJ,Cartão de crédito rotativo,3940.0,92.12,
2020-03,PJ,Cartão de crédito parcelado,778.0,150.94,
2020-03,PJ,Adiantamento sobre contratos de câmbio (ACC),87600.0,3.11,
2020-03,PJ,Financiamento a importações,4868.0,12.5,
2020-03,PJ,Financiamento a exportações,131011.0,6.88,
2020-03,PJ,Repasse externo,43853.0,8.5,
2020-03,PJ,Crédito rural,56230.0,6.68,
2020-03,PJ,Financiamento imobiliário,32408.0,8.04,
2020-03,PJ,Financiamento com recursos do BNDES,379434.0,8.11,
2020-04,Total,Total,3584114.0,21.34,17.05
2020-04,PF,Total,2028719.0,26.8,22.52
2020-04,PF,Cheque especial,24649.0,119.56,
2020-04,PF,Crédito pessoal não consignado,138854.0,86.35,
2020-04,PF,Crédito pessoal consignado,397272.0,20.11,
2020-04,PF,Aquisição de veículos,205933.0,20.38,
2020-04,PF,Cartão de crédito rotativo,41954.0,313.46,
2020-04,PF,Cartão de crédito parcelado,30480.0,148.79,
2020-04,PF,Desconto de cheques,915.0,36.68,
2020-04,PF,Crédito rural,207533.0,6.8,
2020-04,PF,Financiamento imobiliário,653820.0,7.22,
2020-04,PF,Microcrédito,6363.0,35.61,
2020-04,PJ,Total,1555394.0,13.07,8.77
2020-04,PJ,Desconto de duplicatas e recebíveis,95019.0,14.91,
2020-04,PJ,Capital de giro,358240.0,13.56,
2020-04,PJ,Conta garantida,34063.0,28.48,
2020-04,PJ,Cheque especial,9825.0,321.84,
2020-04,PJ,Aquisição de veículos,53517.0,12.27,
2020-04,PJ,Vendor,2640.0,8.95,
2020-04,PJ,Compror,15552.0,9.35,
2020-04,PJ,Cartão de crédito rotativo,3298.0,181.69,
2020-04,PJ,Cartão de crédito parcelado,839.0,135.65,
2020-04,PJ,Adiantamento sobre contratos de câmbio (ACC),91306.0,4.7,
2020-04,PJ,Financiamento a importações,4672.0,6.29,
2020-04,PJ,Financiamento a exportações,139423.0,7.17,
2020-04,PJ,Repasse externo,45882.0,7.79,
2020-04,PJ,Crédito rural,57917.0,6.72,
2020-04,PJ,Financiamento imobiliário,32959.0,7.93,
2020-04,PJ,Financiamento com recursos do BNDES,382832.0,7.01,
2020-05,Total,Total,3596217.0,20.52,16.51
2020-05,PF,Total,2026822.0,26.12,22.07
2020-05,PF,Cheque especial,22236.0,116.22,
2020-05,PF,Crédito pessoal não consignado,138135.0,86.51,
2020-05,PF,Crédito pessoal consignado,397911.0,19.98,
2020-05,PF,Aquisição de veículos,204541.0,19.46,
2020-05,PF,Cartão de crédito rotativo,39797.0,302.5,
2020-05,PF,Cartão de crédito parcelado,30375.0,138.39,
2020-05,PF,Desconto de cheques,867.0,31.8,
2020-05,PF,Crédito rural,207856.0,6.76,
2020-05,PF,Financiamento imobiliário,660112.0,7.16,
2020-05,PF,Microcrédito,6256.0,33.67,
2020-05,PJ,Total,1569394.0,12.17,8.23
2020-05,PJ,Desconto de duplicatas e recebíveis,89685.0,14.52,
2020-05,PJ,Capital de giro,382200.0,12.39,
2020-05,PJ,Conta garantida,30658.0,27.6,
2020-05,PJ,Cheque especial,8325.0,307.91,
2020-05,PJ,Aquisição de veículos,54352.0,12.6,
2020-05,PJ,Vendor,2406.0,7.17,
2020-05,PJ,Compror,13395.0,7.88,
2020-05,PJ,Cartão de crédito rotativo,1644.0,171.17,
2020-05,PJ,Cartão de crédito parcelado,916.0,129.48,
2020-05,PJ,Adiantamento sobre contratos de câmbio (ACC),89255.0,4.67,
2020-05,PJ,Financiamento a importações,4202.0,4.49,
2020-05,PJ,Financiamento a exportações,142477.0,7.54,
2020-05,PJ,Repasse externo,45657.0,6.82,
2020-05,PJ,Crédito rural,57906.0,7.18,
2020-05,PJ,Financiamento imobiliário,33419.0,9.11,
2020-05,PJ,Financiamento com recursos do BNDES,384358.0,7.94,
2020-06,Total,Total,3623349.0,19.12,15.43
2020-06,PF,Total,2040209.0,24.61,20.9
2020-06,PF,Cheque especial,21565.0,112.64,
2020-06,PF,Crédito pessoal não consignado,137492.0,84.99,
2020-06,PF,Crédito pessoal consignado,399979.0,19.64,
2020-06,PF,Aquisição de veículos,204654.0,18.99,
2020-06,PF,Cartão de crédito rotativo,38204.0,288.19,
2020-06,PF,Cartão de crédito parcelado,29240.0,118.15,
2020-06,PF,Desconto de cheques,822.0,31.35,
2020-06,PF,Crédito rural,208084.0,6.56,
2020-06,PF,Financiamento imobiliário,667005.0,7.17,
2020-06,PF,Microcrédito,6398.0,33.09,
2020-06,PJ,Total,1583140.0,10.85,7.2
2020-06,PJ,Desconto de duplicatas e recebíveis,92289.0,12.18,
2020-06,PJ,Capital de giro,392304.0,11.46,
2020-06,PJ,Conta garantida,28878.0,27.16,
2020-06,PJ,Cheque especial,7578.0,300.24,
2020-06,PJ,Aquisição de veículos,53915.0,12.08,
2020-06,PJ,Vendor,2079.0,7.79,
2020-06,PJ,Compror,11699.0,7.62,
2020-06,PJ,Cartão de crédito rotativo,2346.0,84.97,
2020-06,PJ,Cartão de crédito parcelado,938.0,93.26,
2020-06,PJ,Adiantamento sobre contratos de câmbio (ACC),85720.0,4.11,
2020-06,PJ,Financiamento a importações,3711.0,5.46,
2020-06,PJ,Financiamento a exportações,136783.0,6.92,
2020-06,PJ,Repasse externo,48087.0,10.8,
2020-06,PJ,Crédito rural,57158.0,6.2,
2020-06,PJ,Financiamento imobiliário,32797.0,9.1,
2020-06,PJ,Financiamento com recursos do BNDES,388005.0,6.19,
2020-07,Total,Total,3670793.0,18.88,15.23
2020-07,PF,Total,2059494.0,24.27,20.75
2020-07,PF,Cheque especial,19955.0,111.73,
2020-07,PF,Crédito pessoal não consignado,138021.0,82.32,
2020-07,PF,Crédito pessoal consignado,404315.0,19.04,
2020-07,PF,Aquisição de veículos,205769.0,18.88,
2020-07,PF,Cartão de crédito rotativo,36995.0,307.94,
2020-07,PF,Cartão de crédito parcelado,28266.0,129.88,
2020-07,PF,Desconto de cheques,802.0,29.54,
2020-07,PF,Crédito rural,209084.0,5.77,
2020-07,PF,Financiamento imobiliário,674164.0,7.16,
2020-07,PF,Microcrédito,6300.0,33.24,
2020-07,PJ,Total,1611299.0,10.65,6.81
2020-07,PJ,Desconto de duplicatas e recebíveis,87350.0,12.43,
2020-07,PJ,Capital de giro,420074.0,11.28,
2020-07,PJ,Conta garantida,25669.0,26.36,
2020-07,PJ,Cheque especial,6685.0,294.26,
2020-07,PJ,Aquisição de veículos,54926.0,11.91,
2020-07,PJ,Vendor,2139.0,6.86,
2020-07,PJ,Compror,11137.0,6.87,
2020-07,PJ,Cartão de crédito rotativo,2300.0,67.05,
2020-07,PJ,Cartão de crédito parcelado,938.0,100.52,
2020-07,PJ,Adiantamento sobre contratos de câmbio (ACC),79428.0,4.07,
2020-07,PJ,Financiamento a importações,3380.0,3.95,
2020-07,PJ,Financiamento a exportações,131851.0,7.56,
2020-07,PJ,Repasse externo,45962.0,5.66,
2020-07,PJ,Crédito rural,56785.0,5.33,
2020-07,PJ,Financiamento imobiliário,32346.0,7.6,
2020-07,PJ,Financiamento com recursos do BNDES,387908.0,7.18,
2020-08,Total,Total,3742633.0,18.46,14.78
2020-08,PF,Total,2091204.0,23.53,20.02
2020-08,PF,Cheque especial,19825.0,112.17,
2020-08,PF,Crédito pessoal não consignado,138870.0,70.29,
2020-08,PF,Crédito pessoal consignado,407912.0,18.94,
2020-08,PF,Aquisição de veículos,206750.0,18.88,
2020-08,PF,Cartão de crédito rotativo,35392.0,305.65,
2020-08,PF,Cartão de crédito parcelado,27285.0,137.79,
2020-08,PF,Desconto de cheques,809.0,30.14,
2020-08,PF,Crédito rural,214692.0,5.65,
2020-08,PF,Financiamento imobiliário,682347.0,7.16,
2020-08,PF,Microcrédito,6266.0,35.11,
2020-08,PJ,Total,1651429.0,10.79,6.85
2020-08,PJ,Desconto de duplicatas e recebíveis,88951.0,11.63,
2020-08,PJ,Capital de giro,419500.0,11.68,
2020-08,PJ,Conta garantida,24115.0,28.64,
2020-08,PJ,Cheque especial,6814.0,292.77,
2020-08,PJ,Aquisição de veículos,55822.0,11.63,
2020-08,PJ,Vendor,2300.0,5.6,
2020-08,PJ,Compror,11210.0,7.49,
2020-08,PJ,Cartão de crédito rotativo,1418.0,126.71,
2020-08,PJ,Cartão de crédito parcelado,922.0,101.9,
2020-08,PJ,Adiantamento sobre contratos de câmbio (ACC),80653.0,3.68,
2020-08,PJ,Financiamento a importações,3582.0,4.26,
2020-08,PJ,Financiamento a exportações,131503.0,7.4,
2020-08,PJ,Repasse externo,48467.0,4.66,
2020-08,PJ,Crédito rural,56195.0,5.49,
2020-08,PJ,Financiamento imobiliário,31499.0,9.06,
2020-08,PJ,Financiamento com recursos do BNDES,392193.0,7.61,
2020-09,Total,Total,3821510.0,17.91,14.1
2020-09,PF,Total,2122170.0,23.09,19.4
2020-09,PF,Cheque especial,19443.0,114.04,
2020-09,PF,Crédito pessoal não consignado,141779.0,69.53,
2020-09,PF,Crédito pessoal consignado,413053.0,18.45,
2020-09,PF,Aquisição de veículos,209224.0,18.56,
2020-09,PF,Cartão de crédito rotativo,34353.0,306.98,
2020-09,PF,Cartão de crédito parcelado,26530.0,142.03,
2020-09,PF,Desconto de cheques,787.0,30.71,
2020-09,PF,Crédito rural,219193.0,5.62,
2020-09,PF,Financiamento imobiliário,689897.0,7.15,
2020-09,PF,Microcrédito,5994.0,36.76,
2020-09,PJ,Total,1699340.0,9.98,5.99
2020-09,PJ,Desconto de duplicatas e recebíveis,96464.0,10.29,
2020-09,PJ,Capital de giro,426784.0,10.76,
2020-09,PJ,Conta garantida,22605.0,27.7,
2020-09,PJ,Cheque especial,6342.0,293.75,
2020-09,PJ,Aquisição de veículos,57035.0,11.35,
2020-09,PJ,Vendor,2670.0,5.94,
2020-09,PJ,Compror,11025.0,7.28,
2020-09,PJ,Cartão de crédito rotativo,1597.0,110.62,
2020-09,PJ,Cartão de crédito parcelado,898.0,99.65,
2020-09,PJ,Adiantamento sobre contratos de câmbio (ACC),76693.0,3.57,
2020-09,PJ,Financiamento a importações,3749.0,4.88,
2020-09,PJ,Financiamento a exportações,127488.0,6.95,
2020-09,PJ,Repasse externo,50747.0,5.84,
2020-09,PJ,Crédito rural,57058.0,4.86,
2020-09,PJ,Financiamento imobiliário,30398.0,8.93,
2020-09,PJ,Financiamento com recursos do BNDES,392972.0,6.64,
2020-10,Total,Total,3879416.0,18.5,14.38
2020-10,PF,Total,2158151.0,23.58,19.69
2020-10,PF,Cheque especial,19517.0,112.28,
2020-10,PF,Crédito pessoal não consignado,145403.0,77.05,
2020-10,PF,Crédito pessoal consignado,423648.0,19.21,
2020-10,PF,Aquisição de veículos,212218.0,18.88,
2020-10,PF,Cartão de crédito rotativo,33422.0,314.92,
2020-10,PF,Cartão de crédito parcelado,26371.0,148.62,
2020-10,PF,Desconto de cheques,798.0,32.08,
2020-10,PF,Crédito rural,223537.0,5.62,
2020-10,PF,Financiamento imobiliário,697502.0,7.06,
2020-10,PF,Microcrédito,6259.0,34.82,
2020-10,PJ,Total,1721265.0,10.68,6.22
2020-10,PJ,Desconto de duplicatas e recebíveis,95808.0,10.91,
2020-10,PJ,Capital de giro,431906.0,11.51,
2020-10,PJ,Conta garantida,22929.0,27.53,
2020-10,PJ,Cheque especial,6398.0,295.19,
2020-10,PJ,Aquisição de veículos,58142.0,11.55,
2020-10,PJ,Vendor,2653.0,6.54,
2020-10,PJ,Compror,10611.0,7.2,
2020-10,PJ,Cartão de crédito rotativo,1285.0,150.41,
2020-10,PJ,Cartão de crédito parcelado,882.0,104.93,
2020-10,PJ,Adiantamento sobre contratos de câmbio (ACC),75003.0,3.56,
2020-10,PJ,Financiamento a importações,4202.0,4.45,
2020-10,PJ,Financiamento a exportações,126448.0,6.52,
2020-10,PJ,Repasse externo,52064.0,6.7,
2020-10,PJ,Crédito rural,54340.0,4.7,
2020-10,PJ,Financiamento imobiliário,29945.0,8.62,
2020-10,PJ,Financiamento com recursos do BNDES,390396.0,8.08,
2020-11,Total,Total,3957987.0,18.36,14.1
2020-11,PF,Total,2204823.0,23.14,19.17
2020-11,PF,Cheque especial,19382.0,113.48,
2020-11,PF,Crédito pessoal não consignado,146098.0,80.3,
2020-11,PF,Crédito pessoal consignado,433239.0,18.64,
2020-11,PF,Aquisição de veículos,216058.0,18.97,
2020-11,PF,Cartão de crédito rotativo,33676.0,320.75,
2020-11,PF,Cartão de crédito parcelado,26508.0,146.84,
2020-11,PF,Desconto de cheques,813.0,30.2,
2020-11,PF,Crédito rural,227098.0,5.61,
2020-11,PF,Financiamento imobiliário,705340.0,7.03,
2020-11,PF,Microcrédito,6728.0,33.29,
2020-11,PJ,Total,1753163.0,10.87,6.14
2020-11,PJ,Desconto de duplicatas e recebíveis,102378.0,10.49,
2020-11,PJ,Capital de giro,447617.0,11.29,
2020-11,PJ,Conta garantida,24017.0,28.82,
2020-11,PJ,Cheque especial,6809.0,289.8,
2020-11,PJ,Aquisição de veículos,59840.0,11.19,
2020-11,PJ,Vendor,2958.0,6.64,
2020-11,PJ,Compror,10434.0,7.74,
2020-11,PJ,Cartão de crédito rotativo,1188.0,164.57,
2020-11,PJ,Cartão de crédito parcelado,871.0,115.98,
2020-11,PJ,Adiantamento sobre contratos de câmbio (ACC),73279.0,3.32,
2020-11,PJ,Financiamento a importações,3894.0,3.58,
2020-11,PJ,Financiamento a exportações,121095.0,9.29,
2020-11,PJ,Repasse externo,47980.0,5.68,
2020-11,PJ,Crédito rural,52131.0,5.17,
2020-11,PJ,Financiamento imobiliário,29489.0,8.11,
2020-11,PJ,Financiamento com recursos do BNDES,389854.0,8.23,
2020-12,Total,Total,4021333.0,18.21,14.26
2020-12,PF,Total,2239152.0,22.65,18.97
2020-12,PF,Cheque especial,17819.0,115.59,
2020-12,PF,Crédito pessoal não consignado,150534.0,73.25,
2020-12,PF,Crédito pessoal consignado,439109.0,18.6,
2020-12,PF,Aquisição de veículos,220279.0,19.2,
2020-12,PF,Cartão de crédito rotativo,30844.0,328.18,
2020-12,PF,Cartão de crédito parcelado,25849.0,148.89,
2020-12,PF,Desconto de cheques,797.0,32.66,
2020-12,PF,Crédito rural,232396.0,5.67,
2020-12,PF,Financiamento imobiliário,713536.0,7.04,
2020-12,PF,Microcrédito,7253.0,34.61,
2020-12,PJ,Total,1782181.0,11.16,6.78
2020-12,PJ,Desconto de duplicatas e recebíveis,126064.0,9.4,
2020-12,PJ,Capital de giro,454074.0,10.94,
2020-12,PJ,Conta garantida,21481.0,30.13,
2020-12,PJ,Cheque especial,5972.0,297.11,
2020-12,PJ,Aquisição de veículos,62008.0,11.24,
2020-12,PJ,Vendor,3006.0,8.26,
2020-12,PJ,Compror,9162.0,8.05,
2020-12,PJ,Cartão de crédito rotativo,1191.0,164.19,
2020-12,PJ,Cartão de crédito parcelado,874.0,114.79,
2020-12,PJ,Adiantamento sobre contratos de câmbio (ACC),69707.0,3.21,
2020-12,PJ,Financiamento a importações,4123.0,4.01,
2020-12,PJ,Financiamento a exportações,116336.0,7.62,
2020-12,PJ,Repasse externo,44306.0,3.37,
2020-12,PJ,Crédito rural,50356.0,5.33,
2020-12,PJ,Financiamento imobiliário,28853.0,6.61,
2020-12,PJ,Financiamento com recursos do BNDES,388882.0,11.08,
2021-01,Total,Total,4018486.0,19.86,15.54
2021-01,PF,Total,2252298.0,23.81,19.95
2021-01,PF,Cheque especial,19505.0,120.29,
2021-01,PF,Crédito pessoal não consignado,153528.0,84.84,
2021-01,PF,Crédito pessoal consignado,443005.0,18.9,
2021-01,PF,Aquisição de veículos,222021.0,20.21,
2021-01,PF,Cartão de crédito rotativo,31467.0,329.71,
2021-01,PF,Cartão de crédito parcelado,26424.0,161.52,
2021-01,PF,Desconto de cheques,824.0,33.88,
2021-01,PF,Crédito rural,235591.0,5.66,
2021-01,PF,Financiamento imobiliário,718184.0,7.0,
2021-01,PF,Microcrédito,7296.0,35.44,
2021-01,PJ,Total,1766189.0,13.53,8.45
2021-01,PJ,Desconto de duplicatas e recebíveis,111776.0,11.23,
2021-01,PJ,Capital de giro,447792.0,16.46,
2021-01,PJ,Conta garantida,22985.0,34.32,
2021-01,PJ,Cheque especial,7102.0,308.59,
2021-01,PJ,Aquisição de veículos,62485.0,12.14,
2021-01,PJ,Vendor,2933.0,8.95,
2021-01,PJ,Compror,9131.0,9.01,
2021-01,PJ,Cartão de crédito rotativo,1145.0,199.3,
2021-01,PJ,Cartão de crédito parcelado,884.0,120.34,
2021-01,PJ,Adiantamento sobre contratos de câmbio (ACC),71939.0,3.36,
2021-01,PJ,Financiamento a importações,4817.0,10.88,
2021-01,PJ,Financiamento a exportações,117204.0,8.35,
2021-01,PJ,Repasse externo,46239.0,10.23,
2021-01,PJ,Crédito rural,49622.0,5.79,
2021-01,PJ,Financiamento imobiliário,28098.0,7.17,
2021-01,PJ,Financiamento com recursos do BNDES,387587.0,10.21,
2021-02,Total,Total,4045800.0,19.59,15.35
2021-02,PF,Total,2269640.0,24.17,20.19
2021-02,PF,Cheque especial,20274.0,125.52,
2021-02,PF,Crédito pessoal não consignado,157338.0,84.45,
2021-02,PF,Crédito pessoal consignado,446868.0,18.83,
2021-02,PF,Aquisição de veículos,223984.0,19.96,
2021-02,PF,Cartão de crédito rotativo,33225.0,327.04,
2021-02,PF,Cartão de crédito parcelado,27227.0,167.06,
2021-02,PF,Desconto de cheques,855.0,34.25,
2021-02,PF,Crédito rural,238781.0,5.47,
2021-02,PF,Financiamento imobiliário,724472.0,6.99,
2021-02,PF,Microcrédito,7447.0,35.16,
2021-02,PJ,Total,1776160.0,12.24,7.57
2021-02,PJ,Desconto de duplicatas e recebíveis,113759.0,10.91,
2021-02,PJ,Capital de giro,445254.0,13.87,
2021-02,PJ,Conta garantida,24877.0,33.42,
2021-02,PJ,Cheque especial,7554.0,308.13,
2021-02,PJ,Aquisição de veículos,64083.0,11.66,
2021-02,PJ,Vendor,2925.0,8.71,
2021-02,PJ,Compror,9303.0,8.75,
2021-02,PJ,Cartão de crédito rotativo,1301.0,192.32,
2021-02,PJ,Cartão de crédito parcelado,895.0,121.55,
2021-02,PJ,Adiantamento sobre contratos de câmbio (ACC),73278.0,3.12,
2021-02,PJ,Financiamento a importações,4891.0,6.28,
2021-02,PJ,Financiamento a exportações,120297.0,8.28,
2021-02,PJ,Repasse externo,46532.0,7.28,
2021-02,PJ,Crédito rural,50294.0,5.83,
2021-02,PJ,Financiamento imobiliário,27918.0,7.72,
2021-02,PJ,Financiamento com recursos do BNDES,384480.0,8.79,
2021-03,Total,Total,4106923.0,19.76,14.86
2021-03,PF,Total,2295877.0,24.49,20.0
2021-03,PF,Cheque especial,20486.0,122.28,
2021-03,PF,Crédito pessoal não consignado,162520.0,85.21,
2021-03,PF,Crédito pessoal consignado,451449.0,18.88,
2021-03,PF,Aquisição de veículos,224298.0,20.64,
2021-03,PF,Cartão de crédito rotativo,31364.0,335.85,
2021-03,PF,Cartão de crédito parcelado,28791.0,167.55,
2021-03,PF,Desconto de cheques,856.0,33.79,
2021-03,PF,Crédito rural,243613.0,5.47,
2021-03,PF,Financiamento imobiliário,732879.0,6.88,
2021-03,PF,Microcrédito,7661.0,35.12,
2021-03,PJ,Total,1811045.0,12.21,6.67
2021-03,PJ,Desconto de duplicatas e recebíveis,128072.0,10.23,
2021-03,PJ,Capital de giro,445613.0,14.02,
2021-03,PJ,Conta garantida,25716.0,32.75,
2021-03,PJ,Cheque especial,7399.0,309.53,
2021-03,PJ,Aquisição de veículos,66615.0,11.7,
2021-03,PJ,Vendor,2816.0,9.33,
2021-03,PJ,Compror,9822.0,8.45,
2021-03,PJ,Cartão de crédito rotativo,1732.0,146.25,
2021-03,PJ,Cartão de crédito parcelado,910.0,124.21,
2021-03,PJ,Adiantamento sobre contratos de câmbio (ACC),78213.0,2.43,
2021-03,PJ,Financiamento a importações,5732.0,4.27,
2021-03,PJ,Financiamento a exportações,119215.0,9.36,
2021-03,PJ,Repasse externo,47200.0,7.27,
2021-03,PJ,Crédito rural,52170.0,5.93,
2021-03,PJ,Financiamento imobiliário,27147.0,6.27,
2021-03,PJ,Financiamento com recursos do BNDES,384677.0,8.63,
2021-04,Total,Total,4127515.0,20.23,14.93
2021-04,PF,Total,2320817.0,24.76,19.91
2021-04,PF,Cheque especial,20858.0,124.34,
2021-04,PF,Crédito pessoal não consignado,166218.0,86.25,
2021-04,PF,Crédito pessoal consignado,461171.0,19.38,
2021-04,PF,Aquisição de veículos,225432.0,21.31,
2021-04,PF,Cartão de crédito rotativo,32097.0,336.42,
2021-04,PF,Cartão de crédito parcelado,29043.0,165.65,
2021-04,PF,Desconto de cheques,876.0,32.96,
2021-04,PF,Crédito rural,245939.0,5.54,
2021-04,PF,Financiamento imobiliário,741132.0,6.68,
2021-04,PF,Microcrédito,7772.0,35.24,
2021-04,PJ,Total,1806698.0,12.95,6.92
2021-04,PJ,Desconto de duplicatas e recebíveis,124747.0,11.04,
2021-04,PJ,Capital de giro,441384.0,14.55,
2021-04,PJ,Conta garantida,26447.0,33.6,
2021-04,PJ,Cheque especial,7716.0,313.84,
2021-04,PJ,Aquisição de veículos,68791.0,12.69,
2021-04,PJ,Vendor,2917.0,8.97,
2021-04,PJ,Compror,10238.0,8.93,
2021-04,PJ,Cartão de crédito rotativo,1329.0,180.87,
2021-04,PJ,Cartão de crédito parcelado,930.0,123.57,
2021-04,PJ,Adiantamento sobre contratos de câmbio (ACC),90323.0,2.3,
2021-04,PJ,Financiamento a importações,5634.0,5.16,
2021-04,PJ,Financiamento a exportações,115026.0,9.29,
2021-04,PJ,Repasse externo,45089.0,13.11,
2021-04,PJ,Crédito rural,52305.0,6.51,
2021-04,PJ,Financiamento imobiliário,26989.0,7.64,
2021-04,PJ,Financiamento com recursos do BNDES,381189.0,8.87,
2021-05,Total,Total,4177240.0,19.75,14.38
2021-05,PF,Total,2360372.0,24.12,19.05
2021-05,PF,Cheque especial,21841.0,123.02,
2021-05,PF,Crédito pessoal não consignado,169473.0,80.7,
2021-05,PF,Crédito pessoal consignado,469879.0,18.91,
2021-05,PF,Aquisição de veículos,226901.0,21.29,
2021-05,PF,Cartão de crédito rotativo,32949.0,329.92,
2021-05,PF,Cartão de crédito parcelado,29653.0,164.44,
2021-05,PF,Desconto de cheques,911.0,32.37,
2021-05,PF,Crédito rural,250680.0,5.76,
2021-05,PF,Financiamento imobiliário,750507.0,6.64,
2021-05,PF,Microcrédito,8067.0,35.3,
2021-05,PJ,Total,1816868.0,12.65,6.81
2021-05,PJ,Desconto de duplicatas e recebíveis,126384.0,11.84,
2021-05,PJ,Capital de giro,443734.0,14.58,
2021-05,PJ,Conta garantida,25861.0,33.74,
2021-05,PJ,Cheque especial,9158.0,316.68,
2021-05,PJ,Aquisição de veículos,71670.0,12.62,
2021-05,PJ,Vendor,2988.0,8.9,
2021-05,PJ,Compror,10047.0,9.63,
2021-05,PJ,Cartão de crédito rotativo,1461.0,174.32,
2021-05,PJ,Cartão de crédito parcelado,938.0,122.76,
2021-05,PJ,Adiantamento sobre contratos de câmbio (ACC),96420.0,2.43,
2021-05,PJ,Financiamento a importações,5261.0,3.24,
2021-05,PJ,Financiamento a exportações,114742.0,9.93,
2021-05,PJ,Repasse externo,43077.0,9.12,
2021-05,PJ,Crédito rural,52893.0,6.46,
2021-05,PJ,Financiamento imobiliário,26924.0,8.13,
2021-05,PJ,Financiamento com recursos do BNDES,378638.0,7.63,
2021-06,Total,Total,4214012.0,19.88,14.3
2021-06,PF,Total,2397429.0,24.18,19.01
2021-06,PF,Cheque especial,21896.0,125.61,
2021-06,PF,Crédito pessoal não consignado,174103.0,79.84,
2021-06,PF,Crédito pessoal consignado,477954.0,18.73,
2021-06,PF,Aquisição de veículos,229134.0,21.59,
2021-06,PF,Cartão de crédito rotativo,33996.0,329.1,
2021-06,PF,Cartão de crédito parcelado,30060.0,164.49,
2021-06,PF,Desconto de cheques,927.0,31.7,
2021-06,PF,Crédito rural,257038.0,6.04,
2021-06,PF,Financiamento imobiliário,759823.0,6.7,
2021-06,PF,Microcrédito,8421.0,35.21,
2021-06,PJ,Total,1816584.0,12.83,6.58
2021-06,PJ,Desconto de duplicatas e recebíveis,144654.0,10.68,
2021-06,PJ,Capital de giro,443611.0,14.85,
2021-06,PJ,Conta garantida,26426.0,33.53,
2021-06,PJ,Cheque especial,9475.0,313.93,
2021-06,PJ,Aquisição de veículos,74481.0,12.9,
2021-06,PJ,Vendor,3214.0,10.11,
2021-06,PJ,Compror,10506.0,10.35,
2021-06,PJ,Cartão de crédito rotativo,1987.0,127.54,
2021-06,PJ,Cartão de crédito parcelado,932.0,124.43,
2021-06,PJ,Adiantamento sobre contratos de câmbio (ACC),90481.0,2.44,
2021-06,PJ,Financiamento a importações,4511.0,6.27,
2021-06,PJ,Financiamento a exportações,108999.0,9.25,
2021-06,PJ,Repasse externo,40733.0,8.28,
2021-06,PJ,Crédito rural,49295.0,6.09,
2021-06,PJ,Financiamento imobiliário,27253.0,7.48,
2021-06,PJ,Financiamento com recursos do BNDES,374204.0,8.96,
2021-07,Total,Total,4271865.0,20.26,14.45
2021-07,PF,Total,2438686.0,24.15,18.73
2021-07,PF,Cheque especial,21561.0,124.02,
2021-07,PF,Crédito pessoal não consignado,179436.0,76.99,
2021-07,PF,Crédito pessoal consignado,484160.0,18.79,
2021-07,PF,Aquisição de veículos,229779.0,21.94,
2021-07,PF,Cartão de crédito rotativo,33927.0,331.17,
2021-07,PF,Cartão de crédito parcelado,30491.0,163.67,
2021-07,PF,Desconto de cheques,948.0,34.18,
2021-07,PF,Crédito rural,264022.0,6.33,
2021-07,PF,Financiamento imobiliário,769562.0,6.83,
2021-07,PF,Microcrédito,8671.0,35.51,
2021-07,PJ,Total,1833179.0,13.76,7.29
2021-07,PJ,Desconto de duplicatas e recebíveis,140316.0,12.23,
2021-07,PJ,Capital de giro,442442.0,15.49,
2021-07,PJ,Conta garantida,26731.0,36.32,
2021-07,PJ,Cheque especial,9278.0,323.96,
2021-07,PJ,Aquisição de veículos,77223.0,13.28,
2021-07,PJ,Vendor,3378.0,9.79,
2021-07,PJ,Compror,9731.0,10.65,
2021-07,PJ,Cartão de crédito rotativo,1465.0,184.32,
2021-07,PJ,Cartão de crédito parcelado,944.0,129.06,
2021-07,PJ,Adiantamento sobre contratos de câmbio (ACC),89854.0,2.48,
2021-07,PJ,Financiamento a importações,4411.0,2.21,
2021-07,PJ,Financiamento a exportações,109946.0,10.43,
2021-07,PJ,Repasse externo,41106.0,10.85,
2021-07,PJ,Crédito rural,49561.0,6.56,
2021-07,PJ,Financiamento imobiliário,27478.0,7.84,
2021-07,PJ,Financiamento com recursos do BNDES,373476.0,9.68,
2021-08,Total,Total,4346060.0,20.92,14.3
2021-08,PF,Total,2495054.0,24.68,18.59
2021-08,PF,Cheque especial,22397.0,125.1,
2021-08,PF,Crédito pessoal não consignado,186993.0,79.87,
2021-08,PF,Crédito pessoal consignado,491847.0,18.84,
2021-08,PF,Aquisição de veículos,232838.0,22.65,
2021-08,PF,Cartão de crédito rotativo,35588.0,335.46,
2021-08,PF,Cartão de crédito parcelado,31404.0,163.62,
2021-08,PF,Desconto de cheques,960.0,34.27,
2021-08,PF,Crédito rural,275775.0,6.48,
2021-08,PF,Financiamento imobiliário,780429.0,6.95,
2021-08,PF,Microcrédito,8832.0,41.34,
2021-08,PJ,Total,1851006.0,14.55,7.04
2021-08,PJ,Desconto de duplicatas e recebíveis,142755.0,12.49,
2021-08,PJ,Capital de giro,446919.0,16.15,
2021-08,PJ,Conta garantida,27864.0,37.16,
2021-08,PJ,Cheque especial,9511.0,326.63,
2021-08,PJ,Aquisição de veículos,80545.0,13.86,
2021-08,PJ,Vendor,3359.0,9.98,
2021-08,PJ,Compror,9151.0,11.02,
2021-08,PJ,Cartão de crédito rotativo,1527.0,193.3,
2021-08,PJ,Cartão de crédito parcelado,955.0,128.88,
2021-08,PJ,Adiantamento sobre contratos de câmbio (ACC),85364.0,2.88,
2021-08,PJ,Financiamento a importações,4406.0,9.99,
2021-08,PJ,Financiamento a exportações,113613.0,11.61,
2021-08,PJ,Repasse externo,41552.0,11.81,
2021-08,PJ,Crédito rural,52453.0,6.83,
2021-08,PJ,Financiamento imobiliário,27593.0,8.07,
2021-08,PJ,Financiamento com recursos do BNDES,374485.0,10.82,
2021-09,Total,Total,4441056.0,21.42,14.3
2021-09,PF,Total,2546936.0,25.23,18.66
2021-09,PF,Cheque especial,23433.0,129.62,
2021-09,PF,Crédito pessoal não consignado,194531.0,77.41,
2021-09,PF,Crédito pessoal consignado,498651.0,19.02,
2021-09,PF,Aquisição de veículos,235428.0,23.9,
2021-09,PF,Cartão de crédito rotativo,37595.0,338.68,
2021-09,PF,Cartão de crédito parcelado,32502.0,168.66,
2021-09,PF,Desconto de cheques,1017.0,35.54,
2021-09,PF,Crédito rural,285821.0,6.76,
2021-09,PF,Financiamento imobiliário,790205.0,7.18,
2021-09,PF,Microcrédito,8865.0,42.01,
2021-09,PJ,Total,1894119.0,14.99,6.95
2021-09,PJ,Desconto de duplicatas e recebíveis,155647.0,12.73,
2021-09,PJ,Capital de giro,448128.0,17.62,
2021-09,PJ,Conta garantida,29016.0,35.87,
2021-09,PJ,Cheque especial,10476.0,334.85,
2021-09,PJ,Aquisição de veículos,83348.0,14.96,
2021-09,PJ,Vendor,3670.0,11.9,
2021-09,PJ,Compror,9878.0,11.49,
2021-09,PJ,Cartão de crédito rotativo,2169.0,129.43,
2021-09,PJ,Cartão de crédito parcelado,973.0,128.98,
2021-09,PJ,Adiantamento sobre contratos de câmbio (ACC),88803.0,2.73,
2021-09,PJ,Financiamento a importações,5458.0,12.46,
2021-09,PJ,Financiamento a exportações,113138.0,11.48,
2021-09,PJ,Repasse externo,43581.0,11.39,
2021-09,PJ,Crédito rural,55147.0,7.62,
2021-09,PJ,Financiamento imobiliário,28131.0,8.26,
2021-09,PJ,Financiamento com recursos do BNDES,377606.0,9.92,
2021-10,Total,Total,4511956.0,22.89,15.03
2021-10,PF,Total,2601017.0,26.51,19.35
2021-10,PF,Cheque especial,23457.0,128.19,
2021-10,PF,Crédito pessoal não consignado,203215.0,83.6,
2021-10,PF,Crédito pessoal consignado,504053.0,19.65,
2021-10,PF,Aquisição de veículos,238182.0,24.81,
2021-10,PF,Cartão de crédito rotativo,40146.0,342.22,
2021-10,PF,Cartão de crédito parcelado,33866.0,172.62,
2021-10,PF,Desconto de cheques,1053.0,37.68,
2021-10,PF,Crédito rural,295010.0,7.1,
2021-10,PF,Financiamento imobiliário,799502.0,7.48,
2021-10,PF,Microcrédito,8857.0,42.39,
2021-10,PJ,Total,1910940.0,16.71,7.64
2021-10,PJ,Desconto de duplicatas e recebíveis,152265.0,14.19,
2021-10,PJ,Capital de giro,452800.0,20.3,
2021-10,PJ,Conta garantida,30871.0,36.53,
2021-10,PJ,Cheque especial,11343.0,332.79,
2021-10,PJ,Aquisição de veículos,86010.0,15.95,
2021-10,PJ,Vendor,3784.0,13.42,
2021-10,PJ,Compror,9221.0,13.03,
2021-10,PJ,Cartão de crédito rotativo,1923.0,186.43,
2021-10,PJ,Cartão de crédito parcelado,996.0,133.13,
2021-10,PJ,Adiantamento sobre contratos de câmbio (ACC),89058.0,2.78,
2021-10,PJ,Financiamento a importações,6529.0,8.41,
2021-10,PJ,Financiamento a exportações,116937.0,12.26,
2021-10,PJ,Repasse externo,45781.0,13.78,
2021-10,PJ,Crédito rural,55732.0,8.26,
2021-10,PJ,Financiamento imobiliário,28406.0,8.15,
2021-10,PJ,Financiamento com recursos do BNDES,377089.0,11.55,
2021-11,Total,Total,4597507.0,23.91,15.21
2021-11,PF,Total,2664395.0,27.41,19.46
2021-11,PF,Cheque especial,24725.0,129.67,
2021-11,PF,Crédito pessoal não consignado,207094.0,84.37,
2021-11,PF,Crédito pessoal consignado,509923.0,20.29,
2021-11,PF,Aquisição de veículos,238838.0,27.45,
2021-11,PF,Cartão de crédito rotativo,43641.0,343.71,
2021-11,PF,Cartão de crédito parcelado,35280.0,167.44,
2021-11,PF,Desconto de cheques,1097.0,38.9,
2021-11,PF,Crédito rural,304193.0,7.35,
2021-11,PF,Financiamento imobiliário,808606.0,7.78,
2021-11,PF,Microcrédito,8999.0,42.38,
2021-11,PJ,Total,1933111.0,17.85,7.86
2021-11,PJ,Desconto de duplicatas e recebíveis,156918.0,15.45,
2021-11,PJ,Capital de giro,459762.0,21.22,
2021-11,PJ,Conta garantida,33121.0,38.87,
2021-11,PJ,Cheque especial,12347.0,304.0,
2021-11,PJ,Aquisição de veículos,87807.0,18.18,
2021-11,PJ,Vendor,4021.0,14.38,
2021-11,PJ,Compror,10681.0,14.39,
2021-11,PJ,Cartão de crédito rotativo,1904.0,203.4,
2021-11,PJ,Cartão de crédito parcelado,1028.0,133.46,
2021-11,PJ,Adiantamento sobre contratos de câmbio (ACC),89291.0,2.61,
2021-11,PJ,Financiamento a importações,6835.0,12.13,
2021-11,PJ,Financiamento a exportações,115577.0,14.6,
2021-11,PJ,Repasse externo,45266.0,15.72,
2021-11,PJ,Crédito rural,56137.0,8.79,
2021-11,PJ,Financiamento imobiliário,28596.0,8.73,
2021-11,PJ,Financiamento com recursos do BNDES,374773.0,12.41,
2021-12,Total,Total,4682852.0,24.21,15.65
2021-12,PF,Total,2708461.0,28.19,20.18
2021-12,PF,Cheque especial,22810.0,127.94,
2021-12,PF,Crédito pessoal não consignado,212176.0,85.28,
2021-12,PF,Crédito pessoal consignado,513615.0,21.41,
2021-12,PF,Aquisição de veículos,241240.0,26.79,
2021-12,PF,Cartão de crédito rotativo,44294.0,347.38,
2021-12,PF,Cartão de crédito parcelado,36111.0,168.41,
2021-12,PF,Desconto de cheques,1175.0,38.8,
2021-12,PF,Crédito rural,313674.0,7.56,
2021-12,PF,Financiamento imobiliário,816282.0,8.85,
2021-12,PF,Microcrédito,9328.0,41.84,
2021-12,PJ,Total,1974391.0,17.42,7.93
2021-12,PJ,Desconto de duplicatas e recebíveis,185422.0,15.72,
2021-12,PJ,Capital de giro,458905.0,20.7,
2021-12,PJ,Conta garantida,33571.0,38.76,
2021-12,PJ,Cheque especial,10998.0,295.86,
2021-12,PJ,Aquisição de veículos,90777.0,17.96,
2021-12,PJ,Vendor,4609.0,13.62,
2021-12,PJ,Compror,11724.0,15.32,
2021-12,PJ,Cartão de crédito rotativo,3381.0,118.78,
2021-12,PJ,Cartão de crédito parcelado,1080.0,132.13,
2021-12,PJ,Adiantamento sobre contratos de câmbio (ACC),87856.0,2.14,
2021-12,PJ,Financiamento a importações,6900.0,12.06,
2021-12,PJ,Financiamento a exportações,119594.0,15.32,
2021-12,PJ,Repasse externo,44192.0,14.07,
2021-12,PJ,Crédito rural,59722.0,9.86,
2021-12,PJ,Financiamento imobiliário,28870.0,9.91,
2021-12,PJ,Financiamento com recursos do BNDES,373620.0,11.18,
2022-01,Total,Total,4682131.0,25.23,16.2
2022-01,PF,Total,2735096.0,29.1,20.57
2022-01,PF,Cheque especial,26047.0,125.65,
2022-01,PF,Crédito pessoal não consignado,219734.0,79.81,
2022-01,PF,Crédito pessoal consignado,514659.0,23.09,
2022-01,PF,Aquisição de veículos,242464.0,26.87,
2022-01,PF,Cartão de crédito rotativo,48504.0,346.28,
2022-01,PF,Cartão de crédito parcelado,37480.0,172.46,
2022-01,PF,Desconto de cheques,1239.0,38.6,
2022-01,PF,Crédito rural,319123.0,7.9,
2022-01,PF,Financiamento imobiliário,822505.0,9.39,
2022-01,PF,Microcrédito,9221.0,43.29,
2022-01,PJ,Total,1947035.0,18.57,8.69
2022-01,PJ,Desconto de duplicatas e recebíveis,159199.0,17.67,
2022-01,PJ,Capital de giro,462595.0,22.33,
2022-01,PJ,Conta garantida,35337.0,40.47,
2022-01,PJ,Cheque especial,13454.0,319.75,
2022-01,PJ,Aquisição de veículos,91551.0,18.51,
2022-01,PJ,Vendor,4534.0,14.01,
2022-01,PJ,Compror,11265.0,16.42,
2022-01,PJ,Cartão de crédito rotativo,2853.0,211.48,
2022-01,PJ,Cartão de crédito parcelado,1126.0,140.67,
2022-01,PJ,Adiantamento sobre contratos de câmbio (ACC),90087.0,2.38,
2022-01,PJ,Financiamento a importações,7000.0,11.27,
2022-01,PJ,Financiamento a exportações,120474.0,13.62,
2022-01,PJ,Repasse externo,42250.0,14.35,
2022-01,PJ,Crédito rural,60180.0,9.74,
2022-01,PJ,Financiamento imobiliário,29097.0,10.58,
2022-01,PJ,Financiamento com recursos do BNDES,370659.0,10.85,
2022-02,Total,Total,4727818.0,25.63,16.76
2022-02,PF,Total,2756295.0,29.66,21.43
2022-02,PF,Cheque especial,25571.0,132.49,
2022-02,PF,Crédito pessoal não consignado,223617.0,83.4,
2022-02,PF,Crédito pessoal consignado,516322.0,22.94,
2022-02,PF,Aquisição de veículos,244071.0,26.46,
2022-02,PF,Cartão de crédito rotativo,53717.0,355.19,
2022-02,PF,Cartão de crédito parcelado,39243.0,174.32,
2022-02,PF,Desconto de cheques,1302.0,41.93,
2022-02,PF,Crédito rural,322872.0,8.38,
2022-02,PF,Financiamento imobiliário,829827.0,8.14,
2022-02,PF,Microcrédito,9240.0,43.26,
2022-02,PJ,Total,1971524.0,18.63,8.66
2022-02,PJ,Desconto de duplicatas e recebíveis,162968.0,17.98,
2022-02,PJ,Capital de giro,467094.0,22.51,
2022-02,PJ,Conta garantida,35898.0,41.68,
2022-02,PJ,Cheque especial,13772.0,321.33,
2022-02,PJ,Aquisição de veículos,93545.0,18.23,
2022-02,PJ,Vendor,4409.0,13.86,
2022-02,PJ,Compror,12121.0,16.83,
2022-02,PJ,Cartão de crédito rotativo,2497.0,199.72,
2022-02,PJ,Cartão de crédito parcelado,1188.0,132.56,
2022-02,PJ,Adiantamento sobre contratos de câmbio (ACC),95938.0,2.47,
2022-02,PJ,Financiamento a importações,6811.0,13.61,
2022-02,PJ,Financiamento a exportações,122986.0,14.36,
2022-02,PJ,Repasse externo,40230.0,12.51,
2022-02,PJ,Crédito rural,61590.0,10.98,
2022-02,PJ,Financiamento imobiliário,29700.0,9.52,
2022-02,PJ,Financiamento com recursos do BNDES,370871.0,10.67,
2022-03,Total,Total,4794583.0,26.54,16.93
2022-03,PF,Total,2800464.0,30.99,21.95
2022-03,PF,Cheque especial,27121.0,127.84,
2022-03,PF,Crédito pessoal não consignado,228771.0,87.95,
2022-03,PF,Crédito pessoal consignado,521654.0,23.57,
2022-03,PF,Aquisição de veículos,244946.0,27.15,
2022-03,PF,Cartão de crédito rotativo,52458.0,359.07,
2022-03,PF,Cartão de crédito parcelado,41401.0,172.49,
2022-03,PF,Desconto de cheques,1295.0,40.97,
2022-03,PF,Crédito rural,324237.0,8.81,
2022-03,PF,Financiamento imobiliário,841773.0,9.39,
2022-03,PF,Microcrédito,9160.0,43.5,
2022-03,PJ,Total,1994119.0,18.83,8.23
2022-03,PJ,Desconto de duplicatas e recebíveis,170867.0,18.3,
2022-03,PJ,Capital de giro,469501.0,22.35,
2022-03,PJ,Conta garantida,36968.0,41.94,
2022-03,PJ,Cheque especial,13428.0,304.59,
2022-03,PJ,Aquisição de veículos,94988.0,18.53,
2022-03,PJ,Vendor,4449.0,13.75,
2022-03,PJ,Compror,12794.0,16.8,
2022-03,PJ,Cartão de crédito rotativo,3706.0,131.26,
2022-03,PJ,Cartão de crédito parcelado,1267.0,134.26,
2022-03,PJ,Adiantamento sobre contratos de câmbio (ACC),104080.0,2.69,
2022-03,PJ,Financiamento a importações,5857.0,10.95,
2022-03,PJ,Financiamento a exportações,121770.0,14.71,
2022-03,PJ,Repasse externo,37184.0,14.74,
2022-03,PJ,Crédito rural,64029.0,11.75,
2022-03,PJ,Financiamento imobiliário,30399.0,10.27,
2022-03,PJ,Financiamento com recursos do BNDES,372066.0,11.54,
2022-04,Total,Total,4833732.0,27.46,17.27
2022-04,PF,Total,2830420.0,31.45,22.29
2022-04,PF,Cheque especial,27574.0,132.69,
2022-04,PF,Crédito pessoal não consignado,231938.0,84.19,
2022-04,PF,Crédito pessoal consignado,535399.0,24.08,
2022-04,PF,Aquisição de veículos,245439.0,27.23,
2022-04,PF,Cartão de crédito rotativo,55676.0,363.97,
2022-04,PF,Cartão de crédito parcelado,42779.0,175.49,
2022-04,PF,Desconto de cheques,1332.0,40.82,
2022-04,PF,Crédito rural,322634.0,9.31,
2022-04,PF,Financiamento imobiliário,845088.0,9.41,
2022-04,PF,Microcrédito,9724.0,46.96,
2022-04,PJ,Total,2003312.0,20.52,8.53
2022-04,PJ,Desconto de duplicatas e recebíveis,159591.0,19.21,
2022-04,PJ,Capital de giro,475482.0,22.28,
2022-04,PJ,Conta garantida,37894.0,42.38,
2022-04,PJ,Cheque especial,14233.0,329.41,
2022-04,PJ,Aquisição de veículos,96433.0,18.73,
2022-04,PJ,Vendor,4095.0,14.91,
2022-04,PJ,Compror,12667.0,17.44,
2022-04,PJ,Cartão de crédito rotativo,3141.0,256.08,
2022-04,PJ,Cartão de crédito parcelado,1316.0,132.39,
2022-04,PJ,Adiantamento sobre contratos de câmbio (ACC),112672.0,2.79,
2022-04,PJ,Financiamento a importações,5539.0,18.94,
2022-04,PJ,Financiamento a exportações,126061.0,15.58,
2022-04,PJ,Repasse externo,38626.0,16.78,
2022-04,PJ,Crédito rural,63737.0,12.02,
2022-04,PJ,Financiamento imobiliário,31095.0,10.26,
2022-04,PJ,Financiamento com recursos do BNDES,369372.0,16.28,
2022-05,Total,Total,4889397.0,27.42,17.08
2022-05,PF,Total,2875671.0,32.03,22.3
2022-05,PF,Cheque especial,28496.0,127.85,
2022-05,PF,Crédito pessoal não consignado,235852.0,86.28,
2022-05,PF,Crédito pessoal consignado,543693.0,24.13,
2022-05,PF,Aquisição de veículos,246705.0,27.15,
2022-05,PF,Cartão de crédito rotativo,57885.0,368.84,
2022-05,PF,Cartão de crédito parcelado,43806.0,172.73,
2022-05,PF,Desconto de cheques,1364.0,39.44,
2022-05,PF,Crédito rural,324729.0,9.37,
2022-05,PF,Financiamento imobiliário,858722.0,10.09,
2022-05,PF,Microcrédito,10299.0,48.8,
2022-05,PJ,Total,2013726.0,19.38,8.0
2022-05,PJ,Desconto de duplicatas e recebíveis,160824.0,19.78,
2022-05,PJ,Capital de giro,482321.0,22.03,
2022-05,PJ,Conta garantida,38521.0,43.86,
2022-05,PJ,Cheque especial,13996.0,314.94,
2022-05,PJ,Aquisição de veículos,98290.0,18.74,
2022-05,PJ,Vendor,3410.0,15.96,
2022-05,PJ,Compror,14072.0,18.14,
2022-05,PJ,Cartão de crédito rotativo,3502.0,192.35,
2022-05,PJ,Cartão de crédito parcelado,1319.0,137.45,
2022-05,PJ,Adiantamento sobre contratos de câmbio (ACC),114279.0,2.85,
2022-05,PJ,Financiamento a importações,5105.0,12.49,
2022-05,PJ,Financiamento a exportações,125094.0,15.54,
2022-05,PJ,Repasse externo,37069.0,14.89,
2022-05,PJ,Crédito rural,65465.0,11.13,
2022-05,PJ,Financiamento imobiliário,32027.0,10.75,
2022-05,PJ,Financiamento com recursos do BNDES,373005.0,12.45,
2022-06,Total,Total,4965603.0,27.88,17.5
2022-06,PF,Total,2913035.0,32.58,22.66
2022-06,PF,Cheque especial,28685.0,129.16,
2022-06,PF,Crédito pessoal não consignado,238667.0,87.41,
2022-06,PF,Crédito pessoal consignado,549160.0,24.65,
2022-06,PF,Aquisição de veículos,247837.0,27.43,
2022-06,PF,Cartão de crédito rotativo,59759.0,370.35,
2022-06,PF,Cartão de crédito parcelado,45097.0,173.19,
2022-06,PF,Desconto de cheques,1429.0,41.3,
2022-06,PF,Crédito rural,332503.0,9.41,
2022-06,PF,Financiamento imobiliário,869329.0,10.07,
2022-06,PF,Microcrédito,10936.0,50.07,
2022-06,PJ,Total,2052569.0,19.67,8.49
2022-06,PJ,Desconto de duplicatas e recebíveis,175535.0,19.59,
2022-06,PJ,Capital de giro,487351.0,23.27,
2022-06,PJ,Conta garantida,39121.0,45.28,
2022-06,PJ,Cheque especial,14427.0,317.08,
2022-06,PJ,Aquisição de veículos,100180.0,18.84,
2022-06,PJ,Vendor,3398.0,17.82,
2022-06,PJ,Compror,15170.0,17.9,
2022-06,PJ,Cartão de crédito rotativo,4276.0,155.04,
2022-06,PJ,Cartão de crédito parcelado,1405.0,133.22,
2022-06,PJ,Adiantamento sobre contratos de câmbio (ACC),109194.0,4.04,
2022-06,PJ,Financiamento a importações,5467.0,8.81,
2022-06,PJ,Financiamento a exportações,130170.0,16.13,
2022-06,PJ,Repasse externo,40487.0,14.78,
2022-06,PJ,Crédito rural,68685.0,12.51,
2022-06,PJ,Financiamento imobiliário,33416.0,11.15,
2022-06,PJ,Financiamento com recursos do BNDES,378963.0,10.97,
2022-07,Total,Total,4999244.0,29.24,18.38
2022-07,PF,Total,2952207.0,33.67,23.24
2022-07,PF,Cheque especial,28456.0,127.42,
2022-07,PF,Crédito pessoal não consignado,241111.0,86.5,
2022-07,PF,Crédito pessoal consignado,555333.0,24.99,
2022-07,PF,Aquisição de veículos,248639.0,27.64,
2022-07,PF,Cartão de crédito rotativo,62090.0,394.93,
2022-07,PF,Cartão de crédito parcelado,46460.0,181.7,
2022-07,PF,Desconto de cheques,1482.0,42.12,
2022-07,PF,Crédito rural,339126.0,9.39,
2022-07,PF,Financiamento imobiliário,881188.0,10.66,
2022-07,PF,Microcrédito,11405.0,49.95,
2022-07,PJ,Total,2047038.0,21.44,9.82
2022-07,PJ,Desconto de duplicatas e recebíveis,167904.0,20.27,
2022-07,PJ,Capital de giro,486452.0,23.44,
2022-07,PJ,Conta garantida,39207.0,46.64,
2022-07,PJ,Cheque especial,14324.0,322.04,
2022-07,PJ,Aquisição de veículos,102584.0,18.96,
2022-07,PJ,Vendor,3405.0,18.22,
2022-07,PJ,Compror,15444.0,17.56,
2022-07,PJ,Cartão de crédito rotativo,3518.0,218.83,
2022-07,PJ,Cartão de crédito parcelado,1493.0,144.93,
2022-07,PJ,Adiantamento sobre contratos de câmbio (ACC),108611.0,3.99,
2022-07,PJ,Financiamento a importações,5542.0,14.03,
2022-07,PJ,Financiamento a exportações,129817.0,16.72,
2022-07,PJ,Repasse externo,40372.0,16.05,
2022-07,PJ,Crédito rural,67611.0,11.11,
2022-07,PJ,Financiamento imobiliário,33520.0,11.63,
2022-07,PJ,Financiamento com recursos do BNDES,377548.0,17.27,
2022-08,Total,Total,5072711.0,28.6,18.54
2022-08,PF,Total,3008528.0,33.97,24.06
2022-08,PF,Cheque especial,29678.0,128.44,
2022-08,PF,Crédito pessoal não consignado,243261.0,85.3,
2022-08,PF,Crédito pessoal consignado,559811.0,25.07,
2022-08,PF,Aquisição de veículos,250965.0,27.42,
2022-08,PF,Cartão de crédito rotativo,65175.0,399.61,
2022-08,PF,Cartão de crédito parcelado,45588.0,186.84,
2022-08,PF,Desconto de cheques,1453.0,42.58,
2022-08,PF,Crédito rural,360059.0,9.88,
2022-08,PF,Financiamento imobiliário,889582.0,10.47,
2022-08,PF,Microcrédito,11687.0,49.09,
2022-08,PJ,Total,2064183.0,18.99,8.66
2022-08,PJ,Desconto de duplicatas e recebíveis,172518.0,20.17,
2022-08,PJ,Capital de giro,489163.0,22.37,
2022-08,PJ,Conta garantida,39491.0,47.08,
2022-08,PJ,Cheque especial,13747.0,323.28,
2022-08,PJ,Aquisição de veículos,105023.0,18.91,
2022-08,PJ,Vendor,3375.0,17.35,
2022-08,PJ,Compror,16870.0,17.93,
2022-08,PJ,Cartão de crédito rotativo,4001.0,183.98,
2022-08,PJ,Cartão de crédito parcelado,1517.0,139.27,
2022-08,PJ,Adiantamento sobre contratos de câmbio (ACC),103001.0,4.46,
2022-08,PJ,Financiamento a importações,6531.0,11.67,
2022-08,PJ,Financiamento a exportações,131376.0,16.8,
2022-08,PJ,Repasse externo,40539.0,16.01,
2022-08,PJ,Crédito rural,65811.0,13.01,
2022-08,PJ,Financiamento imobiliário,34157.0,11.16,
2022-08,PJ,Financiamento com recursos do BNDES,381977.0,7.02,
2022-09,Total,Total,5164775.0,28.57,18.71
2022-09,PF,Total,3054969.0,33.7,24.04
2022-09,PF,Cheque especial,29838.0,134.3,
2022-09,PF,Crédito pessoal não consignado,245777.0,81.58,
2022-09,PF,Crédito pessoal consignado,565533.0,25.36,
2022-09,PF,Aquisição de veículos,252682.0,27.1,
2022-09,PF,Cartão de crédito rotativo,69006.0,390.87,
2022-09,PF,Cartão de crédito parcelado,47417.0,185.55,
2022-09,PF,Desconto de cheques,1493.0,42.09,
2022-09,PF,Crédito rural,374549.0,11.07,
2022-09,PF,Financiamento imobiliário,900670.0,10.13,
2022-09,PF,Microcrédito,11719.0,50.18,
2022-09,PJ,Total,2109806.0,19.34,9.12
2022-09,PJ,Desconto de duplicatas e recebíveis,189939.0,19.57,
2022-09,PJ,Capital de giro,489100.0,22.52,
2022-09,PJ,Conta garantida,39764.0,45.72,
2022-09,PJ,Cheque especial,14044.0,321.43,
2022-09,PJ,Aquisição de veículos,107697.0,18.65,
2022-09,PJ,Vendor,3566.0,18.32,
2022-09,PJ,Compror,17664.0,18.05,
2022-09,PJ,Cartão de crédito rotativo,6030.0,182.39,
2022-09,PJ,Cartão de crédito parcelado,1556.0,139.82,
2022-09,PJ,Adiantamento sobre contratos de câmbio (ACC),99747.0,4.83,
2022-09,PJ,Financiamento a importações,6992.0,6.77,
2022-09,PJ,Financiamento a exportações,131372.0,15.81,
2022-09,PJ,Repasse externo,42375.0,14.43,
2022-09,PJ,Crédito rural,68148.0,14.31,
2022-09,PJ,Financiamento imobiliário,35249.0,11.01,
2022-09,PJ,Financiamento com recursos do BNDES,383128.0,8.02,
2022-10,Total,Total,5215990.0,29.68,19.87
2022-10,PF,Total,3110134.0,35.22,25.67
2022-10,PF,Cheque especial,31115.0,133.38,
2022-10,PF,Crédito pessoal não consignado,248752.0,83.43,
2022-10,PF,Crédito pessoal consignado,580699.0,27.67,
2022-10,PF,Aquisição de veículos,254314.0,27.2,
2022-10,PF,Cartão de crédito rotativo,70758.0,409.49,
2022-10,PF,Cartão de crédito parcelado,49854.0,184.98,
2022-10,PF,Desconto de cheques,1494.0,42.28,
2022-10,PF,Crédito rural,386926.0,11.84,
2022-10,PF,Financiamento imobiliário,910510.0,9.96,
2022-10,PF,Microcrédito,11608.0,50.23,
2022-10,PJ,Total,2105856.0,19.66,9.4
2022-10,PJ,Desconto de duplicatas e recebíveis,176319.0,20.46,
2022-10,PJ,Capital de giro,489044.0,22.32,
2022-10,PJ,Conta garantida,40520.0,45.8,
2022-10,PJ,Cheque especial,14497.0,321.11,
2022-10,PJ,Aquisição de veículos,109702.0,18.56,
2022-10,PJ,Vendor,4205.0,18.14,
2022-10,PJ,Compror,18553.0,17.75,
2022-10,PJ,Cartão de crédito rotativo,5520.0,221.29,
2022-10,PJ,Cartão de crédito parcelado,1653.0,136.72,
2022-10,PJ,Adiantamento sobre contratos de câmbio (ACC),98792.0,5.77,
2022-10,PJ,Financiamento a importações,7009.0,9.28,
2022-10,PJ,Financiamento a exportações,132670.0,15.57,
2022-10,PJ,Repasse externo,39160.0,14.58,
2022-10,PJ,Crédito rural,68763.0,13.11,
2022-10,PJ,Financiamento imobiliário,36115.0,11.01,
2022-10,PJ,Financiamento com recursos do BNDES,384076.0,8.46,
2022-11,Total,Total,5285657.0,30.52,19.82
2022-11,PF,Total,3155345.0,36.09,25.89
2022-11,PF,Cheque especial,30764.0,133.75,
2022-11,PF,Crédito pessoal não consignado,250277.0,86.35,
2022-11,PF,Crédito pessoal consignado,584214.0,26.24,
2022-11,PF,Aquisição de veículos,256508.0,27.65,
2022-11,PF,Cartão de crédito rotativo,73656.0,396.3,
2022-11,PF,Cartão de crédito parcelado,50516.0,180.66,
2022-11,PF,Desconto de cheques,1507.0,43.94,
2022-11,PF,Crédito rural,395980.0,11.94,
2022-11,PF,Financiamento imobiliário,921705.0,10.25,
2022-11,PF,Microcrédito,11639.0,49.79,
2022-11,PJ,Total,2130312.0,20.19,8.56
2022-11,PJ,Desconto de duplicatas e recebíveis,176499.0,20.33,
2022-11,PJ,Capital de giro,486813.0,22.83,
2022-11,PJ,Conta garantida,40515.0,45.17,
2022-11,PJ,Cheque especial,14873.0,319.91,
2022-11,PJ,Aquisição de veículos,111329.0,18.86,
2022-11,PJ,Vendor,4463.0,18.44,
2022-11,PJ,Compror,19506.0,18.13,
2022-11,PJ,Cartão de crédito rotativo,5139.0,174.3,
2022-11,PJ,Cartão de crédito parcelado,1688.0,133.62,
2022-11,PJ,Adiantamento sobre contratos de câmbio (ACC),95720.0,5.56,
2022-11,PJ,Financiamento a importações,7158.0,13.25,
2022-11,PJ,Financiamento a exportações,130601.0,17.36,
2022-11,PJ,Repasse externo,39311.0,15.78,
2022-11,PJ,Crédito rural,68485.0,13.55,
2022-11,PJ,Financiamento imobiliário,37039.0,10.44,
2022-11,PJ,Financiamento com recursos do BNDES,388660.0,10.89,
2022-12,Total,Total,5366069.0,29.64,18.81
2022-12,PF,Total,3187833.0,34.86,24.48
2022-12,PF,Cheque especial,28589.0,132.12,
2022-12,PF,Crédito pessoal não consignado,251615.0,81.94,
2022-12,PF,Crédito pessoal consignado,587831.0,26.51,
2022-12,PF,Aquisição de veículos,258449.0,28.68,
2022-12,PF,Cartão de crédito rotativo,72434.0,411.93,
2022-12,PF,Cartão de crédito parcelado,50412.0,181.44,
2022-12,PF,Desconto de cheques,1546.0,45.03,
2022-12,PF,Crédito rural,407666.0,12.13,
2022-12,PF,Financiamento imobiliário,931014.0,10.47,
2022-12,PF,Microcrédito,11571.0,49.69,
2022-12,PJ,Total,2178236.0,20.04,8.37
2022-12,PJ,Desconto de duplicatas e recebíveis,210597.0,19.73,
2022-12,PJ,Capital de giro,485622.0,23.19,
2022-12,PJ,Conta garantida,40664.0,46.15,
2022-12,PJ,Cheque especial,13291.0,318.31,
2022-12,PJ,Aquisição de veículos,113739.0,19.15,
2022-12,PJ,Vendor,4754.0,18.5,
2022-12,PJ,Compror,20964.0,18.1,
2022-12,PJ,Cartão de crédito rotativo,8140.0,97.05,
2022-12,PJ,Cartão de crédito parcelado,1708.0,137.1,
2022-12,PJ,Adiantamento sobre contratos de câmbio (ACC),93200.0,5.57,
2022-12,PJ,Financiamento a importações,6895.0,11.41,
2022-12,PJ,Financiamento a exportações,126778.0,16.74,
2022-12,PJ,Repasse externo,37761.0,15.17,
2022-12,PJ,Crédito rural,67273.0,13.24,
2022-12,PJ,Financiamento imobiliário,37394.0,11.43,
2022-12,PJ,Financiamento com recursos do BNDES,394485.0,11.29,
2023-01,Total,Total,5373231.0,30.54,19.79
2023-01,PF,Total,3221831.0,35.27,25.09
2023-01,PF,Cheque especial,31756.0,131.1,
2023-01,PF,Crédito pessoal não consignado,255040.0,84.24,
2023-01,PF,Crédito pessoal consignado,597082.0,26.7,
2023-01,PF,Aquisição de veículos,260332.0,29.05,
2023-01,PF,Cartão de crédito rotativo,73490.0,415.69,
2023-01,PF,Cartão de crédito parcelado,51699.0,183.12,
2023-01,PF,Desconto de cheques,1563.0,48.2,
2023-01,PF,Crédito rural,414407.0,11.56,
2023-01,PF,Financiamento imobiliário,938541.0,10.75,
2023-01,PF,Microcrédito,11497.0,49.94,
2023-01,PJ,Total,2151399.0,21.8,10.01
2023-01,PJ,Desconto de duplicatas e recebíveis,177773.0,22.73,
2023-01,PJ,Capital de giro,485254.0,24.56,
2023-01,PJ,Conta garantida,41445.0,46.49,
2023-01,PJ,Cheque especial,15151.0,320.76,
2023-01,PJ,Aquisição de veículos,114223.0,19.69,
2023-01,PJ,Vendor,4820.0,16.55,
2023-01,PJ,Compror,19136.0,18.24,
2023-01,PJ,Cartão de crédito rotativo,4876.0,295.86,
2023-01,PJ,Cartão de crédito parcelado,1776.0,136.56,
2023-01,PJ,Adiantamento sobre contratos de câmbio (ACC),90230.0,6.24,
2023-01,PJ,Financiamento a importações,5887.0,10.22,
2023-01,PJ,Financiamento a exportações,124861.0,16.41,
2023-01,PJ,Repasse externo,36630.0,15.96,
2023-01,PJ,Crédito rural,66577.0,13.66,
2023-01,PJ,Financiamento imobiliário,37509.0,11.55,
2023-01,PJ,Financiamento com recursos do BNDES,393057.0,12.73,
2023-02,Total,Total,5370950.0,30.48,20.19
2023-02,PF,Total,3234845.0,35.59,26.04
2023-02,PF,Cheque especial,33125.0,134.66,
2023-02,PF,Crédito pessoal não consignado,256097.0,86.67,
2023-02,PF,Crédito pessoal consignado,602658.0,26.67,
2023-02,PF,Aquisição de veículos,260651.0,28.96,
2023-02,PF,Cartão de crédito rotativo,77202.0,420.42,
2023-02,PF,Cartão de crédito parcelado,52869.0,191.83,
2023-02,PF,Desconto de cheques,1587.0,50.31,
2023-02,PF,Crédito rural,420224.0,10.89,
2023-02,PF,Financiamento imobiliário,945457.0,9.44,
2023-02,PF,Microcrédito,11366.0,49.91,
2023-02,PJ,Total,2136105.0,20.87,9.2
2023-02,PJ,Desconto de duplicatas e recebíveis,164092.0,20.94,
2023-02,PJ,Capital de giro,479057.0,24.38,
2023-02,PJ,Conta garantida,41446.0,46.1,
2023-02,PJ,Cheque especial,15616.0,320.46,
2023-02,PJ,Aquisição de veículos,114579.0,19.56,
2023-02,PJ,Vendor,4720.0,14.03,
2023-02,PJ,Compror,19465.0,18.55,
2023-02,PJ,Cartão de crédito rotativo,5462.0,195.91,
2023-02,PJ,Cartão de crédito parcelado,1866.0,132.6,
2023-02,PJ,Adiantamento sobre contratos de câmbio (ACC),94742.0,5.93,
2023-02,PJ,Financiamento a importações,6119.0,10.44,
2023-02,PJ,Financiamento a exportações,125691.0,14.23,
2023-02,PJ,Repasse externo,37570.0,14.86,
2023-02,PJ,Crédito rural,65323.0,13.5,
2023-02,PJ,Financiamento imobiliário,38238.0,10.15,
2023-02,PJ,Financiamento com recursos do BNDES,392941.0,12.71,
2023-03,Total,Total,5424811.0,30.99,20.3
2023-03,PF,Total,3269910.0,36.2,26.12
2023-03,PF,Cheque especial,31945.0,130.35,
2023-03,PF,Crédito pessoal não consignado,255144.0,88.01,
2023-03,PF,Crédito pessoal consignado,605682.0,26.35,
2023-03,PF,Aquisição de veículos,262902.0,28.58,
2023-03,PF,Cartão de crédito rotativo,72445.0,433.33,
2023-03,PF,Cartão de crédito parcelado,59299.0,193.16,
2023-03,PF,Desconto de cheques,1577.0,49.04,
2023-03,PF,Crédito rural,427347.0,11.34,
2023-03,PF,Financiamento imobiliário,956837.0,10.58,
2023-03,PF,Microcrédito,11372.0,49.99,
2023-03,PJ,Total,2154900.0,21.05,9.21
2023-03,PJ,Desconto de duplicatas e recebíveis,175329.0,20.77,
2023-03,PJ,Capital de giro,470349.0,23.8,
2023-03,PJ,Conta garantida,39733.0,47.55,
2023-03,PJ,Cheque especial,14902.0,325.79,
2023-03,PJ,Aquisição de veículos,115905.0,19.2,
2023-03,PJ,Vendor,4526.0,15.94,
2023-03,PJ,Compror,22000.0,17.6,
2023-03,PJ,Cartão de crédito rotativo,8901.0,142.19,
2023-03,PJ,Cartão de crédito parcelado,2049.0,131.21,
2023-03,PJ,Adiantamento sobre contratos de câmbio (ACC),100091.0,6.62,
2023-03,PJ,Financiamento a importações,6087.0,7.44,
2023-03,PJ,Financiamento a exportações,126980.0,15.49,
2023-03,PJ,Repasse externo,36340.0,13.74,
2023-03,PJ,Crédito rural,63546.0,13.36,
2023-03,PJ,Financiamento imobiliário,39912.0,11.41,
2023-03,PJ,Financiamento com recursos do BNDES,390325.0,13.32,
2023-04,Total,Total,5426307.0,31.62,21.29
2023-04,PF,Total,3281308.0,37.2,27.56
2023-04,PF,Cheque especial,32255.0,133.5,
2023-04,PF,Crédito pessoal não consignado,260037.0,92.42,
2023-04,PF,Crédito pessoal consignado,609920.0,25.9,
2023-04,PF,Aquisição de veículos,264487.0,28.46,
2023-04,PF,Cartão de crédito rotativo,74371.0,447.33,
2023-04,PF,Cartão de crédito parcelado,59654.0,200.54,
2023-04,PF,Desconto de cheques,1576.0,50.42,
2023-04,PF,Crédito rural,422607.0,12.1,
2023-04,PF,Financiamento imobiliário,965601.0,10.24,
2023-04,PF,Microcrédito,11157.0,50.11,
2023-04,PJ,Total,2145000.0,20.87,9.21
2023-04,PJ,Desconto de duplicatas e recebíveis,161960.0,21.47,
2023-04,PJ,Capital de giro,465730.0,23.2,
2023-04,PJ,Conta garantida,40100.0,48.01,
2023-04,PJ,Cheque especial,16046.0,334.7,
2023-04,PJ,Aquisição de veículos,116772.0,18.8,
2023-04,PJ,Vendor,4502.0,16.37,
2023-04,PJ,Compror,22694.0,15.86,
2023-04,PJ,Cartão de crédito rotativo,6783.0,163.49,
2023-04,PJ,Cartão de crédito parcelado,2093.0,132.93,
2023-04,PJ,Adiantamento sobre contratos de câmbio (ACC),104603.0,6.75,
2023-04,PJ,Financiamento a importações,6605.0,7.22,
2023-04,PJ,Financiamento a exportações,125201.0,15.26,
2023-04,PJ,Repasse externo,35735.0,13.1,
2023-04,PJ,Crédito rural,63608.0,12.89,
2023-04,PJ,Financiamento imobiliário,40907.0,10.76,
2023-04,PJ,Financiamento com recursos do BNDES,388869.0,13.74,
2023-05,Total,Total,5453708.0,31.63,21.42
2023-05,PF,Total,3308178.0,37.28,27.61
2023-05,PF,Cheque especial,33493.0,130.75,
2023-05,PF,Crédito pessoal não consignado,262949.0,91.47,
2023-05,PF,Crédito pessoal consignado,613182.0,25.81,
2023-05,PF,Aquisição de veículos,266897.0,28.08,
2023-05,PF,Cartão de crédito rotativo,74364.0,453.97,
2023-05,PF,Cartão de crédito parcelado,59888.0,194.2,
2023-05,PF,Desconto de cheques,1572.0,48.93,
2023-05,PF,Crédito rural,419653.0,12.22,
2023-05,PF,Financiamento imobiliário,974866.0,11.24,
2023-05,PF,Microcrédito,10995.0,49.75,
2023-05,PJ,Total,2145530.0,20.61,9.36
2023-05,PJ,Desconto de duplicatas e recebíveis,154578.0,21.11,
2023-05,PJ,Capital de giro,460509.0,23.03,
2023-05,PJ,Conta garantida,38692.0,48.26,
2023-05,PJ,Cheque especial,15252.0,345.87,
2023-05,PJ,Aquisição de veículos,117156.0,18.65,
2023-05,PJ,Vendor,3800.0,16.63,
2023-05,PJ,Compror,23755.0,15.68,
2023-05,PJ,Cartão de crédito rotativo,7442.0,154.73,
2023-05,PJ,Cartão de crédito parcelado,2219.0,138.33,
2023-05,PJ,Adiantamento sobre contratos de câmbio (ACC),108416.0,6.84,
2023-05,PJ,Financiamento a importações,6136.0,9.59,
2023-05,PJ,Financiamento a exportações,127379.0,15.01,
2023-05,PJ,Repasse externo,36149.0,13.85,
2023-05,PJ,Crédito rural,62377.0,12.35,
2023-05,PJ,Financiamento imobiliário,42146.0,11.48,
2023-05,PJ,Financiamento com recursos do BNDES,390558.0,12.51,
2023-06,Total,Total,5479459.0,30.85,21.17
2023-06,PF,Total,3309846.0,36.59,27.26
2023-06,PF,Cheque especial,32742.0,134.56,
2023-06,PF,Crédito pessoal não consignado,258786.0,91.25,
2023-06,PF,Crédito pessoal consignado,609563.0,25.92,
2023-06,PF,Aquisição de veículos,268837.0,26.81,
2023-06,PF,Cartão de crédito rotativo,72127.0,435.84,
2023-06,PF,Cartão de crédito parcelado,60263.0,196.07,
2023-06,PF,Desconto de cheques,1602.0,46.97,
2023-06,PF,Crédito rural,423486.0,12.35,
2023-06,PF,Financiamento imobiliário,983640.0,11.06,
2023-06,PF,Microcrédito,10541.0,49.47,
2023-06,PJ,Total,2169613.0,19.62,9.24
2023-06,PJ,Desconto de duplicatas e recebíveis,171339.0,20.08,
2023-06,PJ,Capital de giro,457756.0,21.97,
2023-06,PJ,Conta garantida,38304.0,49.55,
2023-06,PJ,Cheque especial,15395.0,349.43,
2023-06,PJ,Aquisição de veículos,117864.0,18.08,
2023-06,PJ,Vendor,3682.0,16.96,
2023-06,PJ,Compror,24582.0,17.22,
2023-06,PJ,Cartão de crédito rotativo,8398.0,137.13,
2023-06,PJ,Cartão de crédito parcelado,2280.0,134.85,
2023-06,PJ,Adiantamento sobre contratos de câmbio (ACC),110627.0,6.83,
2023-06,PJ,Financiamento a importações,5180.0,6.52,
2023-06,PJ,Financiamento a exportações,126916.0,13.73,
2023-06,PJ,Repasse externo,33653.0,11.91,
2023-06,PJ,Crédito rural,59354.0,12.48,
2023-06,PJ,Financiamento imobiliário,43472.0,11.24,
2023-06,PJ,Financiamento com recursos do BNDES,391937.0,10.58,
2023-07,Total,Total,5484871.0,30.43,20.93
2023-07,PF,Total,3331330.0,36.03,26.74
2023-07,PF,Cheque especial,32765.0,132.04,
2023-07,PF,Crédito pessoal não consignado,258014.0,92.61,
2023-07,PF,Crédito pessoal consignado,610296.0,25.35,
2023-07,PF,Aquisição de veículos,270976.0,26.06,
2023-07,PF,Cartão de crédito rotativo,70609.0,441.33,
2023-07,PF,Cartão de crédito parcelado,60664.0,198.2,
2023-07,PF,Desconto de cheques,1616.0,49.12,
2023-07,PF,Crédito rural,426959.0,11.38,
2023-07,PF,Financiamento imobiliário,992762.0,11.42,
2023-07,PF,Microcrédito,9990.0,49.58,
2023-07,PJ,Total,2153541.0,19.46,9.56
2023-07,PJ,Desconto de duplicatas e recebíveis,154504.0,21.18,
2023-07,PJ,Capital de giro,454703.0,22.64,
2023-07,PJ,Conta garantida,37664.0,49.52,
2023-07,PJ,Cheque especial,15601.0,341.0,
2023-07,PJ,Aquisição de veículos,118580.0,17.76,
2023-07,PJ,Vendor,3460.0,16.94,
2023-07,PJ,Compror,22805.0,17.19,
2023-07,PJ,Cartão de crédito rotativo,5461.0,209.96,
2023-07,PJ,Cartão de crédito parcelado,2338.0,139.63,
2023-07,PJ,Adiantamento sobre contratos de câmbio (ACC),108207.0,6.44,
2023-07,PJ,Financiamento a importações,4993.0,7.88,
2023-07,PJ,Financiamento a exportações,126036.0,14.22,
2023-07,PJ,Repasse externo,32824.0,12.72,
2023-07,PJ,Crédito rural,62896.0,11.66,
2023-07,PJ,Financiamento imobiliário,44590.0,11.41,
2023-07,PJ,Financiamento com recursos do BNDES,392417.0,9.23,
2023-08,Total,Total,5559063.0,29.92,20.6
2023-08,PF,Total,3386405.0,35.37,26.34
2023-08,PF,Cheque especial,34348.0,131.89,
2023-08,PF,Crédito pessoal não consignado,261721.0,92.6,
2023-08,PF,Crédito pessoal consignado,615156.0,24.86,
2023-08,PF,Aquisição de veículos,274930.0,26.18,
2023-08,PF,Cartão de crédito rotativo,70161.0,445.51,
2023-08,PF,Cartão de crédito parcelado,61446.0,194.58,
2023-08,PF,Desconto de cheques,1586.0,47.18,
2023-08,PF,Crédito rural,447972.0,10.73,
2023-08,PF,Financiamento imobiliário,1002140.0,10.86,
2023-08,PF,Microcrédito,9112.0,47.06,
2023-08,PJ,Total,2172658.0,19.14,9.26
2023-08,PJ,Desconto de duplicatas e recebíveis,155348.0,20.13,
2023-08,PJ,Capital de giro,456022.0,22.12,
2023-08,PJ,Conta garantida,37363.0,48.5,
2023-08,PJ,Cheque especial,15886.0,346.0,
2023-08,PJ,Aquisição de veículos,120094.0,17.29,
2023-08,PJ,Vendor,3396.0,16.46,
2023-08,PJ,Compror,24174.0,15.65,
2023-08,PJ,Cartão de crédito rotativo,7821.0,177.84,
2023-08,PJ,Cartão de crédito parcelado,2323.0,139.73,
2023-08,PJ,Adiantamento sobre contratos de câmbio (ACC),105768.0,6.14,
2023-08,PJ,Financiamento a importações,5284.0,8.91,
2023-08,PJ,Financiamento a exportações,123094.0,13.64,
2023-08,PJ,Repasse externo,34191.0,11.41,
2023-08,PJ,Crédito rural,75437.0,11.38,
2023-08,PJ,Financiamento imobiliário,45685.0,11.03,
2023-08,PJ,Financiamento com recursos do BNDES,395540.0,9.77,
2023-09,Total,Total,5625945.0,29.66,20.36
2023-09,PF,Total,3410769.0,34.82,25.91
2023-09,PF,Cheque especial,34141.0,133.94,
2023-09,PF,Crédito pessoal não consignado,262805.0,91.3,
2023-09,PF,Crédito pessoal consignado,619601.0,24.77,
2023-09,PF,Aquisição de veículos,278054.0,25.95,
2023-09,PF,Cartão de crédito rotativo,67946.0,441.11,
2023-09,PF,Cartão de crédito parcelado,59602.0,193.79,
2023-09,PF,Desconto de cheques,1599.0,47.36,
2023-09,PF,Crédito rural,458497.0,10.73,
2023-09,PF,Financiamento imobiliário,1012868.0,10.22,
2023-09,PF,Microcrédito,8550.0,47.6,
2023-09,PJ,Total,2215175.0,19.52,9.45
2023-09,PJ,Desconto de duplicatas e recebíveis,179591.0,18.53,
2023-09,PJ,Capital de giro,457104.0,22.45,
2023-09,PJ,Conta garantida,38097.0,46.5,
2023-09,PJ,Cheque especial,16248.0,342.09,
2023-09,PJ,Aquisição de veículos,121683.0,16.85,
2023-09,PJ,Vendor,3666.0,15.75,
2023-09,PJ,Compror,24789.0,15.67,
2023-09,PJ,Cartão de crédito rotativo,9502.0,192.34,
2023-09,PJ,Cartão de crédito parcelado,2401.0,143.03,
2023-09,PJ,Adiantamento sobre contratos de câmbio (ACC),97248.0,5.7,
2023-09,PJ,Financiamento a importações,6337.0,8.48,
2023-09,PJ,Financiamento a exportações,123095.0,14.05,
2023-09,PJ,Repasse externo,34450.0,12.63,
2023-09,PJ,Crédito rural,77777.0,11.29,
2023-09,PJ,Financiamento imobiliário,47100.0,10.62,
2023-09,PJ,Financiamento com recursos do BNDES,398151.0,10.34,
2023-10,Total,Total,5653808.0,29.24,19.91
2023-10,PF,Total,3449000.0,34.18,25.26
2023-10,PF,Cheque especial,34573.0,131.57,
2023-10,PF,Crédito pessoal não consignado,266196.0,89.55,
2023-10,PF,Crédito pessoal consignado,624152.0,24.54,
2023-10,PF,Aquisição de veículos,281688.0,26.19,
2023-10,PF,Cartão de crédito rotativo,65640.0,444.92,
2023-10,PF,Cartão de crédito parcelado,63909.0,195.93,
2023-10,PF,Desconto de cheques,1584.0,47.99,
2023-10,PF,Crédito rural,465695.0,10.7,
2023-10,PF,Financiamento imobiliário,1022315.0,9.95,
2023-10,PF,Microcrédito,7964.0,48.46,
2023-10,PJ,Total,2204808.0,19.52,9.37
2023-10,PJ,Desconto de duplicatas e recebíveis,165678.0,19.66,
2023-10,PJ,Capital de giro,460002.0,21.92,
2023-10,PJ,Conta garantida,37058.0,45.77,
2023-10,PJ,Cheque especial,16463.0,349.09,
2023-10,PJ,Aquisição de veículos,122933.0,16.98,
2023-10,PJ,Vendor,3572.0,15.04,
2023-10,PJ,Compror,23936.0,14.4,
2023-10,PJ,Cartão de crédito rotativo,7450.0,194.44,
2023-10,PJ,Cartão de crédito parcelado,2367.0,148.77,
2023-10,PJ,Adiantamento sobre contratos de câmbio (ACC),92739.0,6.55,
2023-10,PJ,Financiamento a importações,6226.0,8.08,
2023-10,PJ,Financiamento a exportações,122158.0,14.39,
2023-10,PJ,Repasse externo,35061.0,13.09,
2023-10,PJ,Crédito rural,79883.0,11.83,
2023-10,PJ,Financiamento imobiliário,48422.0,10.46,
2023-10,PJ,Financiamento com recursos do BNDES,401675.0,10.28,
2023-11,Total,Total,5711103.0,29.01,19.95
2023-11,PF,Total,3490337.0,34.0,25.33
2023-11,PF,Cheque especial,34041.0,132.49,
2023-11,PF,Crédito pessoal não consignado,268383.0,93.92,
2023-11,PF,Crédito pessoal consignado,625213.0,24.44,
2023-11,PF,Aquisição de veículos,282913.0,25.98,
2023-11,PF,Cartão de crédito rotativo,64575.0,434.84,
2023-11,PF,Cartão de crédito parcelado,67355.0,195.69,
2023-11,PF,Desconto de cheques,1634.0,44.36,
2023-11,PF,Crédito rural,471855.0,10.46,
2023-11,PF,Financiamento imobiliário,1030974.0,9.99,
2023-11,PF,Microcrédito,7608.0,46.42,
2023-11,PJ,Total,2220766.0,19.03,9.19
2023-11,PJ,Desconto de duplicatas e recebíveis,172870.0,18.63,
2023-11,PJ,Capital de giro,459280.0,22.27,
2023-11,PJ,Conta garantida,37901.0,51.75,
2023-11,PJ,Cheque especial,16852.0,337.58,
2023-11,PJ,Aquisição de veículos,124178.0,16.9,
2023-11,PJ,Vendor,3559.0,14.9,
2023-11,PJ,Compror,22563.0,15.21,
2023-11,PJ,Cartão de crédito rotativo,9359.0,98.51,
2023-11,PJ,Cartão de crédito parcelado,2434.0,148.5,
2023-11,PJ,Adiantamento sobre contratos de câmbio (ACC),89097.0,6.61,
2023-11,PJ,Financiamento a importações,5506.0,7.56,
2023-11,PJ,Financiamento a exportações,122921.0,15.59,
2023-11,PJ,Repasse externo,33992.0,12.33,
2023-11,PJ,Crédito rural,83794.0,11.82,
2023-11,PJ,Financiamento imobiliário,50445.0,10.41,
2023-11,PJ,Financiamento com recursos do BNDES,400917.0,10.13,
2023-12,Total,Total,5805157.0,28.14,19.47
2023-12,PF,Total,3521672.0,33.2,24.98
2023-12,PF,Cheque especial,31164.0,128.11,
2023-12,PF,Crédito pessoal não consignado,267016.0,94.07,
2023-12,PF,Crédito pessoal consignado,626007.0,24.43,
2023-12,PF,Aquisição de veículos,289405.0,25.52,
2023-12,PF,Cartão de crédito rotativo,62851.0,442.1,
2023-12,PF,Cartão de crédito parcelado,66500.0,196.91,
2023-12,PF,Desconto de cheques,1656.0,45.43,
2023-12,PF,Crédito rural,480070.0,10.31,
2023-12,PF,Financiamento imobiliário,1040749.0,9.18,
2023-12,PF,Microcrédito,7555.0,44.79,
2023-12,PJ,Total,2283485.0,18.09,8.5
2023-12,PJ,Desconto de duplicatas e recebíveis,204731.0,17.67,
2023-12,PJ,Capital de giro,471154.0,20.48,
2023-12,PJ,Conta garantida,37206.0,53.46,
2023-12,PJ,Cheque especial,14277.0,327.08,
2023-12,PJ,Aquisição de veículos,126117.0,16.41,
2023-12,PJ,Vendor,3755.0,15.63,
2023-12,PJ,Compror,22581.0,16.41,
2023-12,PJ,Cartão de crédito rotativo,8302.0,99.37,
2023-12,PJ,Cartão de crédito parcelado,2447.0,153.18,
2023-12,PJ,Adiantamento sobre contratos de câmbio (ACC),87627.0,6.53,
2023-12,PJ,Financiamento a importações,5225.0,7.31,
2023-12,PJ,Financiamento a exportações,126946.0,12.44,
2023-12,PJ,Repasse externo,32262.0,10.98,
2023-12,PJ,Crédito rural,86147.0,11.59,
2023-12,PJ,Financiamento imobiliário,51697.0,10.04,
2023-12,PJ,Financiamento com recursos do BNDES,403335.0,10.28,
2024-01,Total,Total,5794707.0,28.0,19.28
2024-01,PF,Total,3560345.0,32.25,24.07
2024-01,PF,Cheque especial,34635.0,125.76,
2024-01,PF,Crédito pessoal não consignado,277178.0,90.04,
2024-01,PF,Crédito pessoal consignado,634180.0,24.28,
2024-01,PF,Aquisição de veículos,293747.0,26.07,
2024-01,PF,Cartão de crédito rotativo,61884.0,419.18,
2024-01,PF,Cartão de crédito parcelado,68389.0,188.44,
2024-01,PF,Desconto de cheques,1661.0,42.48,
2024-01,PF,Crédito rural,487700.0,10.21,
2024-01,PF,Financiamento imobiliário,1045758.0,9.25,
2024-01,PF,Microcrédito,7282.0,44.68,
2024-01,PJ,Total,2234362.0,19.47,9.68
2024-01,PJ,Desconto de duplicatas e recebíveis,168571.0,18.84,
2024-01,PJ,Capital de giro,473609.0,22.17,
2024-01,PJ,Conta garantida,38121.0,59.38,
2024-01,PJ,Cheque especial,16886.0,339.03,
2024-01,PJ,Aquisição de veículos,125245.0,16.74,
2024-01,PJ,Vendor,3389.0,14.57,
2024-01,PJ,Compror,19958.0,15.94,
2024-01,PJ,Cartão de crédito rotativo,7530.0,153.58,
2024-01,PJ,Cartão de crédito parcelado,2451.0,148.17,
2024-01,PJ,Adiantamento sobre contratos de câmbio (ACC),88143.0,6.66,
2024-01,PJ,Financiamento a importações,5627.0,8.02,
2024-01,PJ,Financiamento a exportações,127227.0,12.28,
2024-01,PJ,Repasse externo,32697.0,11.26,
2024-01,PJ,Crédito rural,87044.0,11.68,
2024-01,PJ,Financiamento imobiliário,52451.0,10.23,
2024-01,PJ,Financiamento com recursos do BNDES,404694.0,11.92,
2024-02,Total,Total,5815954.0,27.85,19.29
2024-02,PF,Total,3580652.0,32.34,24.29
2024-02,PF,Cheque especial,35777.0,132.09,
2024-02,PF,Crédito pessoal não consignado,282474.0,91.81,
2024-02,PF,Crédito pessoal consignado,640855.0,23.82,
2024-02,PF,Aquisição de veículos,297222.0,25.85,
2024-02,PF,Cartão de crédito rotativo,62310.0,412.05,
2024-02,PF,Cartão de crédito parcelado,70389.0,188.86,
2024-02,PF,Desconto de cheques,1678.0,43.22,
2024-02,PF,Crédito rural,494101.0,10.33,
2024-02,PF,Financiamento imobiliário,1053419.0,8.89,
2024-02,PF,Microcrédito,7088.0,46.28,
2024-02,PJ,Total,2235302.0,18.69,9.1
2024-02,PJ,Desconto de duplicatas e recebíveis,166824.0,17.8,
2024-02,PJ,Capital de giro,472962.0,21.62,
2024-02,PJ,Conta garantida,38475.0,54.48,
2024-02,PJ,Cheque especial,16568.0,337.43,
2024-02,PJ,Aquisição de veículos,125717.0,16.36,
2024-02,PJ,Vendor,3512.0,14.45,
2024-02,PJ,Compror,19823.0,15.75,
2024-02,PJ,Cartão de crédito rotativo,8358.0,105.73,
2024-02,PJ,Cartão de crédito parcelado,2412.0,150.55,
2024-02,PJ,Adiantamento sobre contratos de câmbio (ACC),88414.0,6.61,
2024-02,PJ,Financiamento a importações,5947.0,6.43,
2024-02,PJ,Financiamento a exportações,128716.0,12.6,
2024-02,PJ,Repasse externo,33196.0,9.2,
2024-02,PJ,Crédito rural,86878.0,11.69,
2024-02,PJ,Financiamento imobiliário,52978.0,9.98,
2024-02,PJ,Financiamento com recursos do BNDES,403536.0,11.55,
2024-03,Total,Total,5899742.0,28.14,19.34
2024-03,PF,Total,3613967.0,32.84,24.64
2024-03,PF,Cheque especial,34978.0,128.12,
2024-03,PF,Crédito pessoal não consignado,287011.0,96.32,
2024-03,PF,Crédito pessoal consignado,645721.0,23.49,
2024-03,PF,Aquisição de veículos,301801.0,25.43,
2024-03,PF,Cartão de crédito rotativo,61518.0,421.27,
2024-03,PF,Cartão de crédito parcelado,71256.0,190.67,
2024-03,PF,Desconto de cheques,1694.0,42.76,
2024-03,PF,Crédito rural,500316.0,10.86,
2024-03,PF,Financiamento imobiliário,1063198.0,9.26,
2024-03,PF,Microcrédito,7023.0,46.37,
2024-03,PJ,Total,2285775.0,18.56,8.55
2024-03,PJ,Desconto de duplicatas e recebíveis,190755.0,16.69,
2024-03,PJ,Capital de giro,476607.0,19.83,
2024-03,PJ,Conta garantida,38526.0,56.93,
2024-03,PJ,Cheque especial,16338.0,350.43,
2024-03,PJ,Aquisição de veículos,127322.0,16.2,
2024-03,PJ,Vendor,3820.0,13.91,
2024-03,PJ,Compror,19880.0,15.49,
2024-03,PJ,Cartão de crédito rotativo,12481.0,102.21,
2024-03,PJ,Cartão de crédito parcelado,2499.0,149.88,
2024-03,PJ,Adiantamento sobre contratos de câmbio (ACC),93367.0,6.41,
2024-03,PJ,Financiamento a importações,5936.0,5.87,
2024-03,PJ,Financiamento a exportações,127471.0,12.82,
2024-03,PJ,Repasse externo,33201.0,11.3,
2024-03,PJ,Crédito rural,87234.0,11.36,
2024-03,PJ,Financiamento imobiliário,53707.0,10.37,
2024-03,PJ,Financiamento com recursos do BNDES,402758.0,12.66,
2024-04,Total,Total,5915538.0,27.86,19.06
2024-04,PF,Total,3646659.0,32.6,24.22
2024-04,PF,Cheque especial,35987.0,130.64,
2024-04,PF,Crédito pessoal não consignado,288878.0,95.78,
2024-04,PF,Crédito pessoal consignado,649580.0,23.38,
2024-04,PF,Aquisição de veículos,306769.0,25.44,
2024-04,PF,Cartão de crédito rotativo,62292.0,423.44,
2024-04,PF,Cartão de crédito parcelado,73178.0,181.97,
2024-04,PF,Desconto de cheques,1659.0,43.28,
2024-04,PF,Crédito rural,502753.0,11.03,
2024-04,PF,Financiamento imobiliário,1073207.0,9.34,
2024-04,PF,Microcrédito,7010.0,46.74,
2024-04,PJ,Total,2268879.0,18.22,8.58
2024-04,PJ,Desconto de duplicatas e recebíveis,169524.0,17.32,
2024-04,PJ,Capital de giro,478403.0,20.2,
2024-04,PJ,Conta garantida,38291.0,55.86,
2024-04,PJ,Cheque especial,16573.0,348.56,
2024-04,PJ,Aquisição de veículos,128120.0,16.14,
2024-04,PJ,Vendor,3543.0,13.42,
2024-04,PJ,Compror,20209.0,14.46,
2024-04,PJ,Cartão de crédito rotativo,7138.0,153.72,
2024-04,PJ,Cartão de crédito parcelado,2477.0,141.6,
2024-04,PJ,Adiantamento sobre contratos de câmbio (ACC),102167.0,6.34,
2024-04,PJ,Financiamento a importações,5955.0,7.12,
2024-04,PJ,Financiamento a exportações,128074.0,13.51,
2024-04,PJ,Repasse externo,35042.0,11.84,
2024-04,PJ,Crédito rural,88261.0,11.43,
2024-04,PJ,Financiamento imobiliário,53712.0,9.77,
2024-04,PJ,Financiamento com recursos do BNDES,402595.0,9.97,
2024-05,Total,Total,5953960.0,27.75,18.8
2024-05,PF,Total,3675652.0,32.53,24.01
2024-05,PF,Cheque especial,35172.0,131.88,
2024-05,PF,Crédito pessoal não consignado,294413.0,95.58,
2024-05,PF,Crédito pessoal consignado,653455.0,23.17,
2024-05,PF,Aquisição de veículos,311604.0,25.54,
2024-05,PF,Cartão de crédito rotativo,60849.0,422.41,
2024-05,PF,Cartão de crédito parcelado,72812.0,185.86,
2024-05,PF,Desconto de cheques,1613.0,42.61,
2024-05,PF,Crédito rural,502438.0,10.88,
2024-05,PF,Financiamento imobiliário,1085714.0,9.37,
2024-05,PF,Microcrédito,7180.0,46.59,
2024-05,PJ,Total,2278309.0,17.89,8.08
2024-05,PJ,Desconto de duplicatas e recebíveis,167267.0,16.74,
2024-05,PJ,Capital de giro,477138.0,20.39,
2024-05,PJ,Conta garantida,37990.0,52.84,
2024-05,PJ,Cheque especial,15978.0,327.42,
2024-05,PJ,Aquisição de veículos,129036.0,16.13,
2024-05,PJ,Vendor,3532.0,14.01,
2024-05,PJ,Compror,19284.0,14.66,
2024-05,PJ,Cartão de crédito rotativo,5360.0,186.73,
2024-05,PJ,Cartão de crédito parcelado,2521.0,138.87,
2024-05,PJ,Adiantamento sobre contratos de câmbio (ACC),108030.0,6.38,
2024-05,PJ,Financiamento a importações,6004.0,6.1,
2024-05,PJ,Financiamento a exportações,128005.0,12.97,
2024-05,PJ,Repasse externo,35407.0,11.6,
2024-05,PJ,Crédito rural,88323.0,11.52,
2024-05,PJ,Financiamento imobiliário,54684.0,11.12,
2024-05,PJ,Financiamento com recursos do BNDES,406900.0,10.55,
2024-06,Total,Total,6041898.0,27.81,18.54
2024-06,PF,Total,3705041.0,32.54,23.78
2024-06,PF,Cheque especial,33872.0,131.28,
2024-06,PF,Crédito pessoal não consignado,296499.0,95.32,
2024-06,PF,Crédito pessoal consignado,658555.0,23.22,
2024-06,PF,Aquisição de veículos,317386.0,25.52,
2024-06,PF,Cartão de crédito rotativo,62542.0,428.68,
2024-06,PF,Cartão de crédito parcelado,71685.0,182.45,
2024-06,PF,Desconto de cheques,1585.0,41.69,
2024-06,PF,Crédito rural,501995.0,10.97,
2024-06,PF,Financiamento imobiliário,1098295.0,9.58,
2024-06,PF,Microcrédito,7643.0,45.85,
2024-06,PJ,Total,2336858.0,18.09,7.78
2024-06,PJ,Desconto de duplicatas e recebíveis,195510.0,15.99,
2024-06,PJ,Capital de giro,478392.0,21.07,
2024-06,PJ,Conta garantida,37804.0,53.13,
2024-06,PJ,Cheque especial,15787.0,342.56,
2024-06,PJ,Aquisição de veículos,130434.0,16.36,
2024-06,PJ,Vendor,3507.0,14.24,
2024-06,PJ,Compror,18037.0,15.59,
2024-06,PJ,Cartão de crédito rotativo,7039.0,152.07,
2024-06,PJ,Cartão de crédito parcelado,2528.0,154.17,
2024-06,PJ,Adiantamento sobre contratos de câmbio (ACC),110628.0,6.56,
2024-06,PJ,Financiamento a importações,6619.0,8.33,
2024-06,PJ,Financiamento a exportações,134933.0,13.2,
2024-06,PJ,Repasse externo,36641.0,11.46,
2024-06,PJ,Crédito rural,90770.0,11.72,
2024-06,PJ,Financiamento imobiliário,55616.0,10.59,
2024-06,PJ,Financiamento com recursos do BNDES,411650.0,11.4,
2024-07,Total,Total,6069205.0,27.74,18.53
2024-07,PF,Total,3745844.0,32.42,23.65
2024-07,PF,Cheque especial,34735.0,131.59,
2024-07,PF,Crédito pessoal não consignado,300613.0,99.16,
2024-07,PF,Crédito pessoal consignado,664121.0,23.16,
2024-07,PF,Aquisição de veículos,321147.0,25.45,
2024-07,PF,Cartão de crédito rotativo,60453.0,432.19,
2024-07,PF,Cartão de crédito parcelado,73609.0,178.09,
2024-07,PF,Desconto de cheques,1553.0,39.85,
2024-07,PF,Crédito rural,502382.0,11.45,
2024-07,PF,Financiamento imobiliário,1110408.0,9.46,
2024-07,PF,Microcrédito,7938.0,47.93,
2024-07,PJ,Total,2323362.0,18.13,8.02
2024-07,PJ,Desconto de duplicatas e recebíveis,167755.0,16.61,
2024-07,PJ,Capital de giro,479372.0,21.47,
2024-07,PJ,Conta garantida,37813.0,52.76,
2024-07,PJ,Cheque especial,15512.0,343.46,
2024-07,PJ,Aquisição de veículos,131426.0,16.91,
2024-07,PJ,Vendor,3218.0,13.56,
2024-07,PJ,Compror,18713.0,15.03,
2024-07,PJ,Cartão de crédito rotativo,5498.0,195.22,
2024-07,PJ,Cartão de crédito parcelado,2532.0,135.38,
2024-07,PJ,Adiantamento sobre contratos de câmbio (ACC),111842.0,6.55,
2024-07,PJ,Financiamento a importações,6827.0,8.64,
2024-07,PJ,Financiamento a exportações,136711.0,13.7,
2024-07,PJ,Repasse externo,37073.0,12.82,
2024-07,PJ,Crédito rural,89609.0,11.99,
2024-07,PJ,Financiamento imobiliário,56544.0,10.56,
2024-07,PJ,Financiamento com recursos do BNDES,413365.0,10.01,
2024-08,Total,Total,6135298.0,27.59,18.46
2024-08,PF,Total,3790900.0,32.12,23.49
2024-08,PF,Cheque especial,34912.0,132.92,
2024-08,PF,Crédito pessoal não consignado,306733.0,95.44,
2024-08,PF,Crédito pessoal consignado,669811.0,23.07,
2024-08,PF,Aquisição de veículos,327580.0,25.72,
2024-08,PF,Cartão de crédito rotativo,61087.0,426.9,
2024-08,PF,Cartão de crédito parcelado,73338.0,182.32,
2024-08,PF,Desconto de cheques,1568.0,40.12,
2024-08,PF,Crédito rural,513296.0,10.82,
2024-08,PF,Financiamento imobiliário,1123337.0,9.48,
2024-08,PF,Microcrédito,8188.0,48.53,
2024-08,PJ,Total,2344397.0,18.13,7.96
2024-08,PJ,Desconto de duplicatas e recebíveis,170176.0,16.33,
2024-08,PJ,Capital de giro,481709.0,21.59,
2024-08,PJ,Conta garantida,38748.0,52.24,
2024-08,PJ,Cheque especial,15625.0,340.48,
2024-08,PJ,Aquisição de veículos,133536.0,16.84,
2024-08,PJ,Vendor,3216.0,13.96,
2024-08,PJ,Compror,18638.0,16.23,
2024-08,PJ,Cartão de crédito rotativo,6650.0,163.16,
2024-08,PJ,Cartão de crédito parcelado,2521.0,140.97,
2024-08,PJ,Adiantamento sobre contratos de câmbio (ACC),114127.0,6.39,
2024-08,PJ,Financiamento a importações,7396.0,7.29,
2024-08,PJ,Financiamento a exportações,135796.0,14.42,
2024-08,PJ,Repasse externo,37423.0,13.61,
2024-08,PJ,Crédito rural,89299.0,11.55,
2024-08,PJ,Financiamento imobiliário,56679.0,10.56,
2024-08,PJ,Financiamento com recursos do BNDES,418698.0,10.82,
2024-09,Total,Total,6216528.0,27.49,18.28
2024-09,PF,Total,3831700.0,32.3,23.47
2024-09,PF,Cheque especial,36670.0,136.29,
2024-09,PF,Crédito pessoal não consignado,313635.0,94.23,
2024-09,PF,Crédito pessoal consignado,671802.0,23.15,
2024-09,PF,Aquisição de veículos,333415.0,25.51,
2024-09,PF,Cartão de crédito rotativo,62238.0,438.42,
2024-09,PF,Cartão de crédito parcelado,71654.0,185.77,
2024-09,PF,Desconto de cheques,1559.0,41.28,
2024-09,PF,Crédito rural,523574.0,10.6,
2024-09,PF,Financiamento imobiliário,1135829.0,9.48,
2024-09,PF,Microcrédito,8530.0,44.51,
2024-09,PJ,Total,2384828.0,17.45,7.44
2024-09,PJ,Desconto de duplicatas e recebíveis,194835.0,16.17,
2024-09,PJ,Capital de giro,486210.0,20.47,
2024-09,PJ,Conta garantida,40678.0,50.83,
2024-09,PJ,Cheque especial,16607.0,332.79,
2024-09,PJ,Aquisição de veículos,135808.0,16.83,
2024-09,PJ,Vendor,3137.0,13.88,
2024-09,PJ,Compror,19183.0,17.13,
2024-09,PJ,Cartão de crédito rotativo,8783.0,134.12,
2024-09,PJ,Cartão de crédito parcelado,2512.0,139.81,
2024-09,PJ,Adiantamento sobre contratos de câmbio (ACC),116920.0,6.04,
2024-09,PJ,Financiamento a importações,7518.0,6.82,
2024-09,PJ,Financiamento a exportações,133294.0,14.3,
2024-09,PJ,Repasse externo,35269.0,13.03,
2024-09,PJ,Crédito rural,89498.0,11.94,
2024-09,PJ,Financiamento imobiliário,57753.0,10.52,
2024-09,PJ,Financiamento com recursos do BNDES,418440.0,8.87,
2024-10,Total,Total,6275117.0,27.94,18.28
2024-10,PF,Total,3877584.0,32.4,23.24
2024-10,PF,Cheque especial,36838.0,135.46,
2024-10,PF,Crédito pessoal não consignado,321420.0,97.15,
2024-10,PF,Crédito pessoal consignado,674372.0,23.4,
2024-10,PF,Aquisição de veículos,340331.0,25.9,
2024-10,PF,Cartão de crédito rotativo,60552.0,438.92,
2024-10,PF,Cartão de crédito parcelado,72073.0,179.96,
2024-10,PF,Desconto de cheques,1515.0,41.26,
2024-10,PF,Crédito rural,527843.0,10.47,
2024-10,PF,Financiamento imobiliário,1147127.0,9.7,
2024-10,PF,Microcrédito,8811.0,45.11,
2024-10,PJ,Total,2397533.0,18.64,7.94
2024-10,PJ,Desconto de duplicatas e recebíveis,185078.0,16.48,
2024-10,PJ,Capital de giro,484431.0,21.3,
2024-10,PJ,Conta garantida,39844.0,52.51,
2024-10,PJ,Cheque especial,15863.0,348.78,
2024-10,PJ,Aquisição de veículos,137329.0,17.03,
2024-10,PJ,Vendor,3097.0,13.41,
2024-10,PJ,Compror,17084.0,15.96,
2024-10,PJ,Cartão de crédito rotativo,5027.0,229.83,
2024-10,PJ,Cartão de crédito parcelado,2520.0,139.98,
2024-10,PJ,Adiantamento sobre contratos de câmbio (ACC),118963.0,5.99,
2024-10,PJ,Financiamento a importações,8286.0,9.97,
2024-10,PJ,Financiamento a exportações,135517.0,14.32,
2024-10,PJ,Repasse externo,37733.0,14.05,
2024-10,PJ,Crédito rural,88383.0,12.28,
2024-10,PJ,Financiamento imobiliário,58861.0,10.71,
2024-10,PJ,Financiamento com recursos do BNDES,425707.0,11.8,
2024-11,Total,Total,6365690.0,28.45,18.43
2024-11,PF,Total,3929668.0,32.94,23.54
2024-11,PF,Cheque especial,36131.0,138.16,
2024-11,PF,Crédito pessoal não consignado,326070.0,99.33,
2024-11,PF,Crédito pessoal consignado,677438.0,23.46,
2024-11,PF,Aquisição de veículos,345795.0,26.39,
2024-11,PF,Cartão de crédito rotativo,61227.0,445.9,
2024-11,PF,Cartão de crédito parcelado,72480.0,183.18,
2024-11,PF,Desconto de cheques,1535.0,42.89,
2024-11,PF,Crédito rural,532532.0,10.3,
2024-11,PF,Financiamento imobiliário,1157670.0,9.51,
2024-11,PF,Microcrédito,9052.0,47.43,
2024-11,PJ,Total,2436022.0,19.04,7.73
2024-11,PJ,Desconto de duplicatas e recebíveis,198313.0,16.45,
2024-11,PJ,Capital de giro,488390.0,21.8,
2024-11,PJ,Conta garantida,41523.0,51.58,
2024-11,PJ,Cheque especial,16634.0,346.65,
2024-11,PJ,Aquisição de veículos,138719.0,17.43,
2024-11,PJ,Vendor,3166.0,14.08,
2024-11,PJ,Compror,16549.0,17.14,
2024-11,PJ,Cartão de crédito rotativo,4353.0,268.49,
2024-11,PJ,Cartão de crédito parcelado,2508.0,139.85,
2024-11,PJ,Adiantamento sobre contratos de câmbio (ACC),116855.0,6.26,
2024-11,PJ,Financiamento a importações,8156.0,9.76,
2024-11,PJ,Financiamento a exportações,136263.0,14.41,
2024-11,PJ,Repasse externo,39128.0,15.37,
2024-11,PJ,Crédito rural,88752.0,12.57,
2024-11,PJ,Financiamento imobiliário,60420.0,10.78,
2024-11,PJ,Financiamento com recursos do BNDES,430108.0,12.81,
2024-12,Total,Total,6464602.0,28.5,17.62
2024-12,PF,Total,3965425.0,33.07,22.77
2024-12,PF,Cheque especial,35124.0,134.83,
2024-12,PF,Crédito pessoal não consignado,326582.0,103.35,
2024-12,PF,Crédito pessoal consignado,677826.0,23.95,
2024-12,PF,Aquisição de veículos,343320.0,27.51,
2024-12,PF,Cartão de crédito rotativo,60743.0,451.6,
2024-12,PF,Cartão de crédito parcelado,71942.0,171.14,
2024-12,PF,Desconto de cheques,1544.0,44.48,
2024-12,PF,Crédito rural,537072.0,10.46,
2024-12,PF,Financiamento imobiliário,1167195.0,9.88,
2024-12,PF,Microcrédito,9287.0,47.19,
2024-12,PJ,Total,2499177.0,19.05,6.97
2024-12,PJ,Desconto de duplicatas e recebíveis,226474.0,17.2,
2024-12,PJ,Capital de giro,494431.0,22.86,
2024-12,PJ,Conta garantida,42225.0,50.69,
2024-12,PJ,Cheque especial,15258.0,330.95,
2024-12,PJ,Aquisição de veículos,140026.0,18.2,
2024-12,PJ,Vendor,3172.0,14.54,
2024-12,PJ,Compror,18975.0,17.41,
2024-12,PJ,Cartão de crédito rotativo,6454.0,167.21,
2024-12,PJ,Cartão de crédito parcelado,2517.0,144.78,
2024-12,PJ,Adiantamento sobre contratos de câmbio (ACC),116960.0,6.3,
2024-12,PJ,Financiamento a importações,8258.0,10.66,
2024-12,PJ,Financiamento a exportações,139075.0,15.2,
2024-12,PJ,Repasse externo,38106.0,15.97,
2024-12,PJ,Crédito rural,88051.0,13.7,
2024-12,PJ,Financiamento imobiliário,61653.0,11.05,
2024-12,PJ,Financiamento com recursos do BNDES,434847.0,12.11,
2025-01,Total,Total,6465016.0,29.88,18.5
2025-01,PF,Total,4013059.0,34.03,23.18
2025-01,PF,Cheque especial,38325.0,135.54,
2025-01,PF,Crédito pessoal não consignado,336108.0,99.89,
2025-01,PF,Crédito pessoal consignado,686516.0,25.12,
2025-01,PF,Aquisição de veículos,350514.0,29.52,
2025-01,PF,Cartão de crédito rotativo,64588.0,450.74,
2025-01,PF,Cartão de crédito parcelado,74312.0,176.16,
2025-01,PF,Desconto de cheques,1554.0,44.22,
2025-01,PF,Crédito rural,541214.0,11.71,
2025-01,PF,Financiamento imobiliário,1176882.0,11.05,
2025-01,PF,Microcrédito,9325.0,50.21,
2025-01,PJ,Total,2451957.0,21.18,8.7
2025-01,PJ,Desconto de duplicatas e recebíveis,192218.0,18.82,
2025-01,PJ,Capital de giro,489504.0,25.86,
2025-01,PJ,Conta garantida,43116.0,53.3,
2025-01,PJ,Cheque especial,17369.0,336.3,
2025-01,PJ,Aquisição de veículos,139882.0,19.75,
2025-01,PJ,Vendor,2847.0,15.64,
2025-01,PJ,Compror,17295.0,18.67,
2025-01,PJ,Cartão de crédito rotativo,4984.0,263.44,
2025-01,PJ,Cartão de crédito parcelado,2684.0,144.5,
2025-01,PJ,Adiantamento sobre contratos de câmbio (ACC),111200.0,6.69,
2025-01,PJ,Financiamento a importações,8242.0,8.48,
2025-01,PJ,Financiamento a exportações,138515.0,15.3,
2025-01,PJ,Repasse externo,35503.0,16.07,
2025-01,PJ,Crédito rural,89399.0,13.5,
2025-01,PJ,Financiamento imobiliário,61890.0,11.79,
2025-01,PJ,Financiamento com recursos do BNDES,436405.0,14.17,
2025-02,Total,Total,6511444.0,30.53,19.52
2025-02,PF,Total,4034293.0,35.33,24.9
2025-02,PF,Cheque especial,38691.0,142.18,
2025-02,PF,Crédito pessoal não consignado,342096.0,106.35,
2025-02,PF,Crédito pessoal consignado,693783.0,25.5,
2025-02,PF,Aquisição de veículos,351604.0,29.14,
2025-02,PF,Cartão de crédito rotativo,66545.0,455.66,
2025-02,PF,Cartão de crédito parcelado,76241.0,186.27,
2025-02,PF,Desconto de cheques,1586.0,44.33,
2025-02,PF,Crédito rural,545630.0,11.57,
2025-02,PF,Financiamento imobiliário,1187950.0,10.02,
2025-02,PF,Microcrédito,9429.0,48.91,
2025-02,PJ,Total,2477151.0,20.48,8.25
2025-02,PJ,Desconto de duplicatas e recebíveis,193324.0,18.22,
2025-02,PJ,Capital de giro,493618.0,24.63,
2025-02,PJ,Conta garantida,45034.0,54.26,
2025-02,PJ,Cheque especial,17907.0,340.15,
2025-02,PJ,Aquisição de veículos,139528.0,20.0,
2025-02,PJ,Vendor,2882.0,14.79,
2025-02,PJ,Compror,16886.0,19.22,
2025-02,PJ,Cartão de crédito rotativo,5397.0,220.91,
2025-02,PJ,Cartão de crédito parcelado,2798.0,139.83,
2025-02,PJ,Adiantamento sobre contratos de câmbio (ACC),112366.0,6.34,
2025-02,PJ,Financiamento a importações,7788.0,10.47,
2025-02,PJ,Financiamento a exportações,138568.0,16.18,
2025-02,PJ,Repasse externo,36204.0,16.21,
2025-02,PJ,Crédito rural,90173.0,15.37,
2025-02,PJ,Financiamento imobiliário,62634.0,10.75,
2025-02,PJ,Financiamento com recursos do BNDES,437742.0,11.75,
2025-03,Total,Total,6576464.0,31.34,19.55
2025-03,PF,Total,4078202.0,35.83,24.89
2025-03,PF,Cheque especial,40065.0,132.21,
2025-03,PF,Crédito pessoal não consignado,345990.0,105.25,
2025-03,PF,Crédito pessoal consignado,699204.0,25.94,
2025-03,PF,Aquisição de veículos,354987.0,28.59,
2025-03,PF,Cartão de crédito rotativo,71011.0,457.48,
2025-03,PF,Cartão de crédito parcelado,77916.0,187.6,
2025-03,PF,Desconto de cheques,1567.0,44.97,
2025-03,PF,Crédito rural,548309.0,12.44,
2025-03,PF,Financiamento imobiliário,1199665.0,10.94,
2025-03,PF,Microcrédito,9416.0,50.68,
2025-03,PJ,Total,2498262.0,21.81,8.23
2025-03,PJ,Desconto de duplicatas e recebíveis,207495.0,18.81,
2025-03,PJ,Capital de giro,500009.0,23.52,
2025-03,PJ,Conta garantida,45917.0,52.99,
2025-03,PJ,Cheque especial,18541.0,317.84,
2025-03,PJ,Aquisição de veículos,139673.0,19.36,
2025-03,PJ,Vendor,3162.0,15.62,
2025-03,PJ,Compror,17489.0,20.15,
2025-03,PJ,Cartão de crédito rotativo,7255.0,186.64,
2025-03,PJ,Cartão de crédito parcelado,3026.0,119.58,
2025-03,PJ,Adiantamento sobre contratos de câmbio (ACC),110239.0,6.38,
2025-03,PJ,Financiamento a importações,6862.0,11.32,
2025-03,PJ,Financiamento a exportações,135136.0,16.2,
2025-03,PJ,Repasse externo,34979.0,15.82,
2025-03,PJ,Crédito rural,89790.0,16.95,
2025-03,PJ,Financiamento imobiliário,63879.0,11.85,
2025-03,PJ,Financiamento com recursos do BNDES,435460.0,18.74,
2025-04,Total,Total,6623948.0,31.63,20.2
2025-04,PF,Total,4111522.0,36.41,25.7
2025-04,PF,Cheque especial,40942.0,137.36,
2025-04,PF,Crédito pessoal não consignado,351433.0,105.87,
2025-04,PF,Crédito pessoal consignado,706856.0,26.96,
2025-04,PF,Aquisição de veículos,358987.0,28.06,
2025-04,PF,Cartão de crédito rotativo,74566.0,456.94,
2025-04,PF,Cartão de crédito parcelado,78996.0,184.54,
2025-04,PF,Desconto de cheques,1508.0,45.14,
2025-04,PF,Crédito rural,545396.0,13.22,
2025-04,PF,Financiamento imobiliário,1211400.0,10.64,
2025-04,PF,Microcrédito,9406.0,50.64,
2025-04,PJ,Total,2512426.0,21.49,8.53
2025-04,PJ,Desconto de duplicatas e recebíveis,185997.0,18.77,
2025-04,PJ,Capital de giro,498896.0,23.56,
2025-04,PJ,Conta garantida,46499.0,55.69,
2025-04,PJ,Cheque especial,18674.0,358.77,
2025-04,PJ,Aquisição de veículos,139918.0,19.28,
2025-04,PJ,Vendor,2931.0,15.33,
2025-04,PJ,Compror,16357.0,18.65,
2025-04,PJ,Cartão de crédito rotativo,5236.0,277.01,
2025-04,PJ,Cartão de crédito parcelado,3048.0,150.19,
2025-04,PJ,Adiantamento sobre contratos de câmbio (ACC),113842.0,5.93,
2025-04,PJ,Financiamento a importações,6677.0,10.8,
2025-04,PJ,Financiamento a exportações,138152.0,15.35,
2025-04,PJ,Repasse externo,34770.0,14.47,
2025-04,PJ,Crédito rural,93461.0,16.63,
2025-04,PJ,Financiamento imobiliário,65134.0,12.01,
2025-04,PJ,Financiamento com recursos do BNDES,439346.0,14.93,
2025-05,Total,Total,6666287.0,31.7,20.51
2025-05,PF,Total,4133579.0,36.63,26.01
2025-05,PF,Cheque especial,40675.0,134.9,
2025-05,PF,Crédito pessoal não consignado,354813.0,104.3,
2025-05,PF,Crédito pessoal consignado,704816.0,26.79,
2025-05,PF,Aquisição de veículos,363602.0,27.61,
2025-05,PF,Cartão de crédito rotativo,75294.0,459.84,
2025-05,PF,Cartão de crédito parcelado,80161.0,186.51,
2025-05,PF,Desconto de cheques,1523.0,43.24,
2025-05,PF,Crédito rural,541326.0,12.38,
2025-05,PF,Financiamento imobiliário,1223480.0,10.76,
2025-05,PF,Microcrédito,9556.0,48.41,
2025-05,PJ,Total,2532708.0,20.99,8.55
2025-05,PJ,Desconto de duplicatas e recebíveis,197499.0,19.32,
2025-05,PJ,Capital de giro,504142.0,23.5,
2025-05,PJ,Conta garantida,46378.0,57.73,
2025-05,PJ,Cheque especial,18396.0,356.96,
2025-05,PJ,Aquisição de veículos,139301.0,19.27,
2025-05,PJ,Vendor,2916.0,19.18,
2025-05,PJ,Compror,14781.0,18.51,
2025-05,PJ,Cartão de crédito rotativo,5635.0,234.27,
2025-05,PJ,Cartão de crédito parcelado,3156.0,152.0,
2025-05,PJ,Adiantamento sobre contratos de câmbio (ACC),116378.0,6.13,
2025-05,PJ,Financiamento a importações,6611.0,11.97,
2025-05,PJ,Financiamento a exportações,136184.0,15.98,
2025-05,PJ,Repasse externo,35027.0,15.19,
2025-05,PJ,Crédito rural,98381.0,14.28,
2025-05,PJ,Financiamento imobiliário,66648.0,11.99,
2025-05,PJ,Financiamento com recursos do BNDES,441294.0,13.61,
2025-06,Total,Total,6703663.0,31.85,20.74
2025-06,PF,Total,4155970.0,36.84,26.24
2025-06,PF,Cheque especial,41226.0,135.74,
2025-06,PF,Crédito pessoal não consignado,359296.0,108.39,
2025-06,PF,Crédito pessoal consignado,704932.0,26.81,
2025-06,PF,Aquisição de veículos,366882.0,27.59,
2025-06,PF,Cartão de crédito rotativo,77171.0,454.19,
2025-06,PF,Cartão de crédito parcelado,79063.0,189.04,
2025-06,PF,Desconto de cheques,1523.0,42.45,
2025-06,PF,Crédito rural,540662.0,12.4,
2025-06,PF,Financiamento imobiliário,1233638.0,10.49,
2025-06,PF,Microcrédito,9533.0,52.98,
2025-06,PJ,Total,2547693.0,21.06,8.84
2025-06,PJ,Desconto de duplicatas e recebíveis,193221.0,21.44,
2025-06,PJ,Capital de giro,498585.0,23.74,
2025-06,PJ,Conta garantida,47371.0,59.79,
2025-06,PJ,Cheque especial,19169.0,353.05,
2025-06,PJ,Aquisição de veículos,140630.0,18.97,
2025-06,PJ,Vendor,3604.0,18.38,
2025-06,PJ,Compror,15783.0,20.3,
2025-06,PJ,Cartão de crédito rotativo,8804.0,152.0,
2025-06,PJ,Cartão de crédito parcelado,3179.0,148.01,
2025-06,PJ,Adiantamento sobre contratos de câmbio (ACC),121453.0,5.85,
2025-06,PJ,Financiamento a importações,6428.0,10.16,
2025-06,PJ,Financiamento a exportações,133731.0,15.54,
2025-06,PJ,Repasse externo,32843.0,14.26,
2025-06,PJ,Crédito rural,99423.0,13.45,
2025-06,PJ,Financiamento imobiliário,67474.0,12.15,
2025-06,PJ,Financiamento com recursos do BNDES,440821.0,13.71,
2025-07,Total,Total,6733209.0,31.75,20.57
2025-07,PF,Total,4188808.0,36.41,25.69
2025-07,PF,Cheque especial,40878.0,138.19,
2025-07,PF,Crédito pessoal não consignado,365578.0,104.55,
2025-07,PF,Crédito pessoal consignado,709269.0,26.49,
2025-07,PF,Aquisição de veículos,371209.0,27.29,
2025-07,PF,Cartão de crédito rotativo,76810.0,452.67,
2025-07,PF,Cartão de crédito parcelado,79195.0,187.92,
2025-07,PF,Desconto de cheques,1519.0,42.45,
2025-07,PF,Crédito rural,534838.0,13.2,
2025-07,PF,Financiamento imobiliário,1244608.0,10.53,
2025-07,PF,Microcrédito,9482.0,54.95,
2025-07,PJ,Total,2544400.0,21.59,9.4
2025-07,PJ,Desconto de duplicatas e recebíveis,174925.0,20.53,
2025-07,PJ,Capital de giro,496092.0,24.95,
2025-07,PJ,Conta garantida,46395.0,57.56,
2025-07,PJ,Cheque especial,18284.0,365.83,
2025-07,PJ,Aquisição de veículos,140691.0,18.72,
2025-07,PJ,Vendor,3188.0,14.83,
2025-07,PJ,Compror,15816.0,17.28,
2025-07,PJ,Cartão de crédito rotativo,6043.0,271.34,
2025-07,PJ,Cartão de crédito parcelado,3250.0,146.9,
2025-07,PJ,Adiantamento sobre contratos de câmbio (ACC),120571.0,6.06,
2025-07,PJ,Financiamento a importações,6793.0,12.42,
2025-07,PJ,Financiamento a exportações,137980.0,14.78,
2025-07,PJ,Repasse externo,33451.0,14.67,
2025-07,PJ,Crédito rural,99674.0,14.02,
2025-07,PJ,Financiamento imobiliário,68724.0,12.2,
2025-07,PJ,Financiamento com recursos do BNDES,448795.0,13.84,
2025-08,Total,Total,6774436.0,31.87,20.77
2025-08,PF,Total,4228171.0,36.6,25.98
2025-08,PF,Cheque especial,41160.0,138.19,
2025-08,PF,Crédito pessoal não consignado,369249.0,103.97,
2025-08,PF,Crédito pessoal consignado,714598.0,26.67,
2025-08,PF,Aquisição de veículos,374642.0,27.34,
2025-08,PF,Cartão de crédito rotativo,79462.0,453.64,
2025-08,PF,Cartão de crédito parcelado,79861.0,185.14,
2025-08,PF,Desconto de cheques,1529.0,41.4,
2025-08,PF,Crédito rural,542157.0,12.47,
2025-08,PF,Financiamento imobiliário,1256772.0,10.49,
2025-08,PF,Microcrédito,9372.0,54.8,
2025-08,PJ,Total,2546265.0,21.5,9.33
2025-08,PJ,Desconto de duplicatas e recebíveis,176652.0,20.24,
2025-08,PJ,Capital de giro,495007.0,26.12,
2025-08,PJ,Conta garantida,45562.0,59.01,
2025-08,PJ,Cheque especial,18386.0,349.75,
2025-08,PJ,Aquisição de veículos,140003.0,18.76,
2025-08,PJ,Vendor,2825.0,15.51,
2025-08,PJ,Compror,16199.0,18.3,
2025-08,PJ,Cartão de crédito rotativo,5982.0,273.7,
2025-08,PJ,Cartão de crédito parcelado,3259.0,146.38,
2025-08,PJ,Adiantamento sobre contratos de câmbio (ACC),124566.0,5.92,
2025-08,PJ,Financiamento a importações,6371.0,10.55,
2025-08,PJ,Financiamento a exportações,138490.0,14.54,
2025-08,PJ,Repasse externo,32653.0,13.71,
2025-08,PJ,Crédito rural,97332.0,13.47,
2025-08,PJ,Financiamento imobiliário,69804.0,12.04,
2025-08,PJ,Financiamento com recursos do BNDES,450036.0,13.89,
2025-09,Total,Total,6852705.0,31.47,20.53
2025-09,PF,Total,4262888.0,36.5,25.93
2025-09,PF,Cheque especial,42561.0,140.73,
2025-09,PF,Crédito pessoal não consignado,373360.0,101.1,
2025-09,PF,Crédito pessoal consignado,716489.0,26.79,
2025-09,PF,Aquisição de veículos,379850.0,27.3,
2025-09,PF,Cartão de crédito rotativo,80509.0,448.06,
2025-09,PF,Cartão de crédito parcelado,81130.0,182.93,
2025-09,PF,Desconto de cheques,1494.0,41.48,
2025-09,PF,Crédito rural,544560.0,11.9,
2025-09,PF,Financiamento imobiliário,1269555.0,10.37,
2025-09,PF,Microcrédito,9254.0,52.0,
2025-09,PJ,Total,2589817.0,20.55,8.8
2025-09,PJ,Desconto de duplicatas e recebíveis,192460.0,19.66,
2025-09,PJ,Capital de giro,490370.0,24.85,
2025-09,PJ,Conta garantida,45284.0,59.77,
2025-09,PJ,Cheque especial,18946.0,352.33,
2025-09,PJ,Aquisição de veículos,141540.0,18.62,
2025-09,PJ,Vendor,3674.0,17.8,
2025-09,PJ,Compror,16839.0,17.63,
2025-09,PJ,Cartão de crédito rotativo,9426.0,170.13,
2025-09,PJ,Cartão de crédito parcelado,3571.0,146.37,
2025-09,PJ,Adiantamento sobre contratos de câmbio (ACC),121397.0,5.82,
2025-09,PJ,Financiamento a importações,6798.0,10.66,
2025-09,PJ,Financiamento a exportações,138979.0,14.79,
2025-09,PJ,Repasse externo,31752.0,15.29,
2025-09,PJ,Crédito rural,99703.0,13.42,
2025-09,PJ,Financiamento imobiliário,70856.0,12.4,
2025-09,PJ,Financiamento com recursos do BNDES,454462.0,11.62,
2025-10,Total,Total,6923886.0,32.04,20.9
2025-10,PF,Total,4326256.0,36.79,26.2
2025-10,PF,Cheque especial,42949.0,139.11,
2025-10,PF,Crédito pessoal não consignado,382612.0,101.12,
2025-10,PF,Crédito pessoal consignado,726471.0,27.19,
2025-10,PF,Aquisição de veículos,385267.0,27.43,
2025-10,PF,Cartão de crédito rotativo,82906.0,447.09,
2025-10,PF,Cartão de crédito parcelado,84795.0,187.4,
2025-10,PF,Desconto de cheques,1484.0,39.98,
2025-10,PF,Crédito rural,548991.0,11.69,
2025-10,PF,Financiamento imobiliário,1284171.0,10.42,
2025-10,PF,Microcrédito,9197.0,55.01,
2025-10,PJ,Total,2597630.0,21.66,9.32
2025-10,PJ,Desconto de duplicatas e recebíveis,180921.0,20.0,
2025-10,PJ,Capital de giro,496478.0,25.39,
2025-10,PJ,Conta garantida,44007.0,61.26,
2025-10,PJ,Cheque especial,18637.0,354.84,
2025-10,PJ,Aquisição de veículos,141528.0,19.13,
2025-10,PJ,Vendor,3737.0,15.24,
2025-10,PJ,Compror,17148.0,15.06,
2025-10,PJ,Cartão de crédito rotativo,6095.0,280.22,
2025-10,PJ,Cartão de crédito parcelado,3318.0,145.04,
2025-10,PJ,Adiantamento sobre contratos de câmbio (ACC),118910.0,5.87,
2025-10,PJ,Financiamento a importações,7088.0,12.04,
2025-10,PJ,Financiamento a exportações,140062.0,15.0,
2025-10,PJ,Repasse externo,32531.0,14.63,
2025-10,PJ,Crédito rural,102122.0,13.61,
2025-10,PJ,Financiamento imobiliário,71886.0,12.02,
2025-10,PJ,Financiamento com recursos do BNDES,461836.0,14.31,
2025-11,Total,Total,7003273.0,32.32,21.37
2025-11,PF,Total,4387061.0,37.9,27.41
2025-11,PF,Cheque especial,42308.0,140.58,
2025-11,PF,Crédito pessoal não consignado,390071.0,111.48,
2025-11,PF,Crédito pessoal consignado,730828.0,27.05,
2025-11,PF,Aquisição de veículos,394415.0,27.02,
2025-11,PF,Cartão de crédito rotativo,83567.0,448.37,
2025-11,PF,Cartão de crédito parcelado,85715.0,190.63,
2025-11,PF,Desconto de cheques,1508.0,39.07,
2025-11,PF,Crédito rural,556061.0,11.64,
2025-11,PF,Financiamento imobiliário,1297715.0,10.35,
2025-11,PF,Microcrédito,9202.0,54.3,
2025-11,PJ,Total,2616213.0,20.45,8.53
2025-11,PJ,Desconto de duplicatas e recebíveis,173714.0,19.29,
2025-11,PJ,Capital de giro,499192.0,24.73,
2025-11,PJ,Conta garantida,45534.0,61.05,
2025-11,PJ,Cheque especial,19688.0,361.51,
2025-11,PJ,Aquisição de veículos,142795.0,18.68,
2025-11,PJ,Vendor,3944.0,17.24,
2025-11,PJ,Compror,17469.0,15.75,
2025-11,PJ,Cartão de crédito rotativo,6844.0,250.49,
2025-11,PJ,Cartão de crédito parcelado,3339.0,141.39,
2025-11,PJ,Adiantamento sobre contratos de câmbio (ACC),116885.0,5.74,
2025-11,PJ,Financiamento a importações,7295.0,12.76,
2025-11,PJ,Financiamento a exportações,139991.0,14.38,
2025-11,PJ,Repasse externo,32040.0,14.31,
2025-11,PJ,Crédito rural,104091.0,12.99,
2025-11,PJ,Financiamento imobiliário,72508.0,11.85,
2025-11,PJ,Financiamento com recursos do BNDES,466976.0,11.56,
2025-12,Total,Total,7136436.0,31.99,21.01
2025-12,PF,Total,4435290.0,37.73,27.25
2025-12,PF,Cheque especial,40651.0,138.89,
2025-12,PF,Crédito pessoal não consignado,388413.0,116.59,
2025-12,PF,Crédito pessoal consignado,735355.0,27.16,
2025-12,PF,Aquisição de veículos,397953.0,26.44,
2025-12,PF,Cartão de crédito rotativo,81523.0,442.41,
2025-12,PF,Cartão de crédito parcelado,86806.0,192.45,
2025-12,PF,Desconto de cheques,1506.0,37.58,
2025-12,PF,Crédito rural,558348.0,11.63,
2025-12,PF,Financiamento imobiliário,1311347.0,10.78,
2025-12,PF,Microcrédito,9443.0,48.82,
2025-12,PJ,Total,2701146.0,19.92,7.91
2025-12,PJ,Desconto de duplicatas e recebíveis,209453.0,18.35,
2025-12,PJ,Capital de giro,506107.0,23.43,
2025-12,PJ,Conta garantida,44721.0,61.24,
2025-12,PJ,Cheque especial,18029.0,343.73,
2025-12,PJ,Aquisição de veículos,142510.0,18.43,
2025-12,PJ,Vendor,3862.0,18.11,
2025-12,PJ,Compror,18571.0,15.75,
2025-12,PJ,Cartão de crédito rotativo,8799.0,186.39,
2025-12,PJ,Cartão de crédito parcelado,3396.0,144.22,
2025-12,PJ,Adiantamento sobre contratos de câmbio (ACC),116724.0,5.5,
2025-12,PJ,Financiamento a importações,7817.0,11.81,
2025-12,PJ,Financiamento a exportações,137380.0,14.42,
2025-12,PJ,Repasse externo,32753.0,16.5,
2025-12,PJ,Crédito rural,109880.0,12.52,
2025-12,PJ,Financiamento imobiliário,72292.0,12.66,
2025-12,PJ,Financiamento com recursos do BNDES,482112.0,12.06,
2026-01,Total,Total,7130500.0,32.6,21.59
2026-01,PF,Total,4476448.0,38.03,27.52
2026-01,PF,Cheque especial,44136.0,137.44,
2026-01,PF,Crédito pessoal não consignado,395232.0,118.02,
2026-01,PF,Crédito pessoal consignado,746898.0,27.59,
2026-01,PF,Aquisição de veículos,403296.0,27.72,
2026-01,PF,Cartão de crédito rotativo,84836.0,429.42,
2026-01,PF,Cartão de crédito parcelado,88920.0,194.87,
2026-01,PF,Desconto de cheques,1532.0,37.01,
2026-01,PF,Crédito rural,568431.0,10.91,
2026-01,PF,Financiamento imobiliário,1321809.0,10.97,
2026-01,PF,Microcrédito,9256.0,55.56,
2026-01,PJ,Total,2654052.0,21.11,9.02
2026-01,PJ,Desconto de duplicatas e recebíveis,174438.0,19.38,
2026-01,PJ,Capital de giro,501046.0,24.56,
2026-01,PJ,Conta garantida,46722.0,61.87,
2026-01,PJ,Cheque especial,20583.0,357.31,
2026-01,PJ,Aquisição de veículos,141853.0,18.8,
2026-01,PJ,Vendor,3552.0,17.94,
2026-01,PJ,Compror,16796.0,19.22,
2026-01,PJ,Cartão de crédito rotativo,7758.0,250.32,
2026-01,PJ,Cartão de crédito parcelado,3482.0,147.05,
2026-01,PJ,Adiantamento sobre contratos de câmbio (ACC),113905.0,5.44,
2026-01,PJ,Financiamento a importações,7728.0,10.46,
2026-01,PJ,Financiamento a exportações,135892.0,13.79,
2026-01,PJ,Repasse externo,30532.0,14.67,
2026-01,PJ,Crédito rural,112042.0,12.14,
2026-01,PJ,Financiamento imobiliário,72772.0,11.72,
2026-01,PJ,Financiamento com recursos do BNDES,480278.0,13.46,
2026-02,Total,Total,7156987.0,32.78,21.98
2026-02,PF,Total,4501056.0,38.34,28.07
2026-02,PF,Cheque especial,44554.0,146.3,
2026-02,PF,Crédito pessoal não consignado,399858.0,112.15,
2026-02,PF,Crédito pessoal consignado,757551.0,28.17,
2026-02,PF,Aquisição de veículos,408416.0,27.28,
2026-02,PF,Cartão de crédito rotativo,88489.0,442.26,
2026-02,PF,Cartão de crédito parcelado,91800.0,196.5,
2026-02,PF,Desconto de cheques,1496.0,45.93,
2026-02,PF,Crédito rural,575459.0,10.6,
2026-02,PF,Financiamento imobiliário,1332870.0,10.68,
2026-02,PF,Microcrédito,9110.0,56.97,
2026-02,PJ,Total,2655931.0,20.9,8.95
2026-02,PJ,Desconto de duplicatas e recebíveis,170835.0,18.99,
2026-02,PJ,Capital de giro,500995.0,24.07,
2026-02,PJ,Conta garantida,48510.0,58.96,
2026-02,PJ,Cheque especial,21293.0,342.68,
2026-02,PJ,Aquisição de veículos,141141.0,19.03,
2026-02,PJ,Vendor,3259.0,19.05,
2026-02,PJ,Compror,16293.0,19.19,
2026-02,PJ,Cartão de crédito rotativo,7522.0,259.42,
2026-02,PJ,Cartão de crédito parcelado,3565.0,161.06,
2026-02,PJ,Adiantamento sobre contratos de câmbio (ACC),115726.0,5.34,
2026-02,PJ,Financiamento a importações,7440.0,11.21,
2026-02,PJ,Financiamento a exportações,134844.0,14.05,
2026-02,PJ,Repasse externo,30220.0,12.37,
2026-02,PJ,Crédito rural,114863.0,13.43,
2026-02,PJ,Financiamento imobiliário,73150.0,11.53,
2026-02,PJ,Financiamento com recursos do BNDES,480157.0,13.48,
2026-03,Total,Total,7240551.0,32.99,21.71
2026-03,PF,Total,4553014.0,38.45,27.81
2026-03,PF,Cheque especial,45377.0,138.9,
2026-03,PF,Crédito pessoal não consignado,399151.0,117.05,
2026-03,PF,Crédito pessoal consignado,770375.0,27.97,
2026-03,PF,Aquisição de veículos,411626.0,26.6,
2026-03,PF,Cartão de crédito rotativo,87107.0,433.06,
2026-03,PF,Cartão de crédito parcelado,93519.0,192.07,
2026-03,PF,Desconto de cheques,1440.0,45.61,
2026-03,PF,Crédito rural,575781.0,10.43,
2026-03,PF,Financiamento imobiliário,1349026.0,11.56,
2026-03,PF,Microcrédito,9069.0,53.34,
2026-03,PJ,Total,2687537.0,21.25,8.61
2026-03,PJ,Desconto de duplicatas e recebíveis,185441.0,18.37,
2026-03,PJ,Capital de giro,502426.0,24.86,
2026-03,PJ,Conta garantida,47730.0,61.2,
2026-03,PJ,Cheque especial,20888.0,351.6,
2026-03,PJ,Aquisição de veículos,139349.0,18.54,
2026-03,PJ,Vendor,3417.0,18.79,
2026-03,PJ,Compror,15934.0,17.52,
2026-03,PJ,Cartão de crédito rotativo,8943.0,195.28,
2026-03,PJ,Cartão de crédito parcelado,3710.0,162.74,
2026-03,PJ,Adiantamento sobre contratos de câmbio (ACC),117217.0,5.43,
2026-03,PJ,Financiamento a importações,7335.0,13.78,
2026-03,PJ,Financiamento a exportações,131541.0,14.67,
2026-03,PJ,Repasse externo,30214.0,13.51,
2026-03,PJ,Crédito rural,120377.0,12.38,
2026-03,PJ,Financiamento imobiliário,73963.0,12.26,
2026-03,PJ,Financiamento com recursos do BNDES,485435.0,15.05,
2026-04,Total,Total,7259769.0,33.51,22.24
2026-04,PF,Total,4574369.0,38.93,28.41
2026-04,PF,Cheque especial,44952.0,140.93,
2026-04,PF,Crédito pessoal não consignado,400694.0,125.04,
2026-04,PF,Crédito pessoal consignado,771241.0,28.15,
2026-04,PF,Aquisição de veículos,414881.0,26.64,
2026-04,PF,Cartão de crédito rotativo,90035.0,431.97,
2026-04,PF,Cartão de crédito parcelado,94992.0,188.06,
2026-04,PF,Desconto de cheques,1423.0,52.64,
2026-04,PF,Crédito rural,574193.0,10.32,
2026-04,PF,Financiamento imobiliário,1362188.0,11.12,
2026-04,PF,Microcrédito,8949.0,50.97,
2026-04,PJ,Total,2685400.0,21.84,8.98
2026-04,PJ,Desconto de duplicatas e recebíveis,169830.0,19.25,
2026-04,PJ,Capital de giro,500430.0,23.18,
2026-04,PJ,Conta garantida,50132.0,61.29,
2026-04,PJ,Cheque especial,21533.0,349.75,
2026-04,PJ,Aquisição de veículos,138722.0,18.5,
2026-04,PJ,Vendor,3113.0,19.5,
2026-04,PJ,Compror,15826.0,17.08,
2026-04,PJ,Cartão de crédito rotativo,7833.0,236.1,
2026-04,PJ,Cartão de crédito parcelado,3831.0,159.61,
2026-04,PJ,Adiantamento sobre contratos de câmbio (ACC),116283.0,5.77,
2026-04,PJ,Financiamento a importações,7152.0,12.59,
2026-04,PJ,Financiamento a exportações,130059.0,14.29,
2026-04,PJ,Repasse externo,28863.0,14.23,
2026-04,PJ,Crédito rural,122679.0,13.21,
2026-04,PJ,Financiamento imobiliário,75097.0,11.7,
2026-04,PJ,Financiamento com recursos do BNDES,486177.0,17.52,
2026-05,Total,Total,7303618.0,33.22,21.89
2026-05,PF,Total,4595657.0,38.86,28.2
2026-05,PF,Cheque especial,43801.0,137.25,
2026-05,PF,Crédito pessoal não consignado,400664.0,120.33,
2026-05,PF,Crédito pessoal consignado,778991.0,27.91,
2026-05,PF,Aquisição de veículos,412439.0,26.31,
2026-05,PF,Cartão de crédito rotativo,90436.0,439.83,
2026-05,PF,Cartão de crédito parcelado,94419.0,189.55,
2026-05,PF,Desconto de cheques,1406.0,45.99,
2026-05,PF,Crédito rural,569819.0,10.45,
2026-05,PF,Financiamento imobiliário,1378100.0,11.23,
2026-05,PF,Microcrédito,9033.0,49.83,
2026-05,PJ,Total,2707962.0,21.25,8.51
2026-05,PJ,Desconto de duplicatas e recebíveis,172156.0,19.62,
2026-05,PJ,Capital de giro,501688.0,23.1,
2026-05,PJ,Conta garantida,48823.0,63.35,
2026-05,PJ,Cheque especial,20977.0,343.35,
2026-05,PJ,Aquisição de veículos,138000.0,18.7,
2026-05,PJ,Vendor,2931.0,20.31,
2026-05,PJ,Compror,16246.0,16.73,
2026-05,PJ,Cartão de crédito rotativo,7511.0,250.33,
2026-05,PJ,Cartão de crédito parcelado,3950.0,157.93,
2026-05,PJ,Adiantamento sobre contratos de câmbio (ACC),117859.0,5.62,
2026-05,PJ,Financiamento a importações,7966.0,11.68,
2026-05,PJ,Financiamento a exportações,129262.0,14.39,
2026-05,PJ,Repasse externo,28324.0,13.89,
2026-05,PJ,Crédito rural,125699.0,12.39,
2026-05,PJ,Financiamento imobiliário,76247.0,12.45,
2026-05,PJ,Financiamento com recursos do BNDES,486885.0,16.18,
2026-06,Total,Total,7355800.0,33.44,21.99
2026-06,PF,Total,4606799.0,39.44,28.59
2026-06,PF,Cheque especial,44758.0,139.78,
2026-06,PF,Crédito pessoal não consignado,397186.0,127.3,
2026-06,PF,Crédito pessoal consignado,785512.0,28.26,
2026-06,PF,Aquisição de veículos,405593.0,26.44,
2026-06,PF,Cartão de crédito rotativo,92033.0,442.44,
2026-06,PF,Cartão de crédito parcelado,93349.0,191.42,
2026-06,PF,Desconto de cheques,1405.0,51.76,
2026-06,PF,Crédito rural,564266.0,10.64,
2026-06,PF,Financiamento imobiliário,1395317.0,11.22,
2026-06,PF,Microcrédito,9147.0,50.04,
2026-06,PJ,Total,2749001.0,20.8,8.08
2026-06,PJ,Desconto de duplicatas e recebíveis,192313.0,18.96,
2026-06,PJ,Capital de giro,506497.0,22.93,
2026-06,PJ,Conta garantida,48584.0,61.63,
2026-06,PJ,Cheque especial,21597.0,359.04,
2026-06,PJ,Aquisição de veículos,136055.0,18.75,
2026-06,PJ,Vendor,3398.0,19.67,
2026-06,PJ,Compror,18423.0,17.11,
2026-06,PJ,Cartão de crédito rotativo,11243.0,146.06,
2026-06,PJ,Cartão de crédito parcelado,4051.0,156.02,
2026-06,PJ,Adiantamento sobre contratos de câmbio (ACC),118892.0,5.52,
2026-06,PJ,Financiamento a importações,8609.0,10.62,
2026-06,PJ,Financiamento a exportações,129922.0,14.74,
2026-06,PJ,Repasse externo,28512.0,15.51,
2026-06,PJ,Crédito rural,126616.0,12.62,
2026-06,PJ,Financiamento imobiliário,77386.0,12.22,
2026-06,PJ,Financiamento com recursos do BNDES,490913.0,14.93,
